This file contains any messages produced by compilers while
running configure, to aid debugging if configure makes a mistake.

It was created by LibreDWG configure 0.12.5.721_77a8, which was
generated by GNU Autoconf 2.71.  Invocation command line was

  $ ./configure --disable-bindings --disable-dxf --disable-json --disable-shared

## --------- ##
## Platform. ##
## --------- ##

hostname = 27458ad91b7b
uname -m = aarch64
uname -r = 6.10.14-linuxkit
uname -s = Linux
uname -v = #1 SMP Fri Nov 29 17:22:03 UTC 2024

/usr/bin/uname -p = aarch64
/bin/uname -X     = unknown

/bin/arch              = aarch64
/usr/bin/arch -k       = unknown
/usr/convex/getsysinfo = unknown
/usr/bin/hostinfo      = unknown
/bin/machine           = unknown
/usr/bin/oslevel       = unknown
/bin/universe          = unknown

PATH: /usr/local/sbin/
PATH: /usr/local/bin/
PATH: /usr/sbin/
PATH: /usr/bin/
PATH: /sbin/
PATH: /bin/
PATH: /etc/cargo/bin/


## ----------- ##
## Core tests. ##
## ----------- ##

configure:3005: looking for aux files: ltmain.sh compile config.guess config.sub missing install-sh
configure:3018:  trying ./build-aux/
configure:3047:   ./build-aux/ltmain.sh found
configure:3047:   ./build-aux/compile found
configure:3047:   ./build-aux/config.guess found
configure:3047:   ./build-aux/config.sub found
configure:3047:   ./build-aux/missing found
configure:3029:   ./build-aux/install-sh found
configure:3177: checking for a BSD-compatible install
configure:3250: result: /usr/bin/install -c
configure:3261: checking whether build environment is sane
configure:3316: result: yes
configure:3475: checking for a race-free mkdir -p
configure:3519: result: /usr/bin/mkdir -p
configure:3526: checking for gawk
configure:3561: result: no
configure:3526: checking for mawk
configure:3547: found /usr/bin/mawk
configure:3558: result: mawk
configure:3569: checking whether make sets $(MAKE)
configure:3592: result: yes
configure:3622: checking whether make supports nested variables
configure:3640: result: yes
configure:3825: checking whether make supports nested variables
configure:3843: result: yes
configure:3857: checking git version
configure:3859: result: 0.12.5.721_77a8
configure:3861: checking so version-info
configure:3863: result: 0:13:0
configure:3875: checking build system type
configure:3890: result: aarch64-unknown-linux-gnu
configure:3910: checking host system type
configure:3924: result: aarch64-unknown-linux-gnu
configure:4004: checking for pkg-config
configure:4027: found /usr/bin/pkg-config
configure:4039: result: /usr/bin/pkg-config
configure:4064: checking pkg-config is at least version 0.9.0
configure:4067: result: yes
configure:4088: checking whether make supports the include directive
configure:4103: make -f confmf.GNU && cat confinc.out
this is the am__doit target
configure:4106: $? = 0
configure:4125: result: yes (GNU style)
configure:4201: checking for gcc
configure:4233: result: afl-clang-lto
configure:4586: checking for C compiler version
configure:4595: afl-clang-lto --version >&5
Ubuntu clang version 16.0.6 (++20231112100510+7cbf1a259152-1~exp1~20231112100554.106)
Target: aarch64-unknown-linux-gnu
Thread model: posix
InstalledDir: /usr/lib/llvm-16/bin
configure:4606: $? = 0
configure:4595: afl-clang-lto -v >&5
Ubuntu clang version 16.0.6 (++20231112100510+7cbf1a259152-1~exp1~20231112100554.106)
Target: aarch64-unknown-linux-gnu
Thread model: posix
InstalledDir: /usr/lib/llvm-16/bin
Found candidate GCC installation: /usr/lib/gcc/aarch64-linux-gnu/11
Selected GCC installation: /usr/lib/gcc/aarch64-linux-gnu/11
Candidate multilib: .;@m64
Selected multilib: .;@m64
 "/usr/lib/llvm-16/bin/ld.lld" -pie -EL -z relro --hash-style=gnu --build-id --eh-frame-hdr -m aarch64linux -dynamic-linker /lib/ld-linux-aarch64.so.1 -o a.out /lib/aarch64-linux-gnu/Scrt1.o /lib/aarch64-linux-gnu/crti.o /usr/lib/gcc/aarch64-linux-gnu/11/crtbeginS.o -L/usr/lib/gcc/aarch64-linux-gnu/11 -L/lib/aarch64-linux-gnu -L/usr/lib/aarch64-linux-gnu -L/usr/lib/llvm-16/bin/../lib -L/lib -L/usr/lib -plugin-opt=mcpu=generic -plugin-opt=O3 --load-pass-plugin=/usr/local/bin/../lib/afl/SanitizerCoverageLTO.so --allow-multiple-definition -lgcc --as-needed -lgcc_s --no-as-needed -lc -lgcc --as-needed -lgcc_s --no-as-needed /usr/lib/gcc/aarch64-linux-gnu/11/crtendS.o /lib/aarch64-linux-gnu/crtn.o
ld.lld: error: undefined symbol: main
... rest of stderr output deleted ...
configure:4606: $? = 1
configure:4595: afl-clang-lto -V >&5
clang: error: unsupported option '-V -fno-builtin-strcmp'
configure:4606: $? = 1
configure:4595: afl-clang-lto -qversion >&5
clang: error: unknown argument '-qversion'; did you mean '--version'?
configure:4606: $? = 1
configure:4595: afl-clang-lto -version >&5
clang: error: unknown argument '-version'; did you mean '--version'?
configure:4606: $? = 1
configure:4626: checking whether the C compiler works
configure:4648: afl-clang-lto    conftest.c  >&5
configure:4652: $? = 0
configure:4702: result: yes
configure:4705: checking for C compiler default output file name
configure:4707: result: a.out
configure:4713: checking for suffix of executables
configure:4720: afl-clang-lto -o conftest    conftest.c  >&5
configure:4724: $? = 0
configure:4747: result: 
configure:4769: checking whether we are cross compiling
configure:4777: afl-clang-lto -o conftest    conftest.c  >&5
configure:4781: $? = 0
configure:4788: ./conftest
configure:4792: $? = 0
configure:4807: result: no
configure:4812: checking for suffix of object files
configure:4835: afl-clang-lto -c   conftest.c >&5
configure:4839: $? = 0
configure:4861: result: o
configure:4865: checking whether the compiler supports GNU C
configure:4885: afl-clang-lto -c   conftest.c >&5
configure:4885: $? = 0
configure:4895: result: yes
configure:4906: checking whether afl-clang-lto accepts -g
configure:4927: afl-clang-lto -c -g  conftest.c >&5
configure:4927: $? = 0
configure:4971: result: yes
configure:4991: checking for afl-clang-lto option to enable C11 features
configure:5006: afl-clang-lto  -c -g -O2  conftest.c >&5
conftest.c:23:14: warning: a function definition without a prototype is deprecated in all versions of C and is not supported in C2x [-Wdeprecated-non-prototype]
static char *e (p, i)
             ^
1 warning generated.
configure:5006: $? = 0
configure:5024: result: none needed
configure:5140: checking whether afl-clang-lto understands -c and -o together
configure:5163: afl-clang-lto -c conftest.c -o conftest2.o
configure:5166: $? = 0
configure:5163: afl-clang-lto -c conftest.c -o conftest2.o
configure:5166: $? = 0
configure:5178: result: yes
configure:5197: checking dependency style of afl-clang-lto
configure:5309: result: gcc3
configure:5325: checking whether ln -s works
configure:5329: result: yes
configure:5336: checking whether make sets $(MAKE)
configure:5359: result: yes
configure:5369: checking for grep that handles long lines and -e
configure:5433: result: /usr/bin/grep
configure:5438: checking for egrep
configure:5506: result: /usr/bin/grep -E
configure:5558: checking how to print strings
configure:5585: result: printf
configure:5606: checking for a sed that does not truncate output
configure:5676: result: /usr/bin/sed
configure:5694: checking for fgrep
configure:5762: result: /usr/bin/grep -F
configure:5798: checking for ld used by afl-clang-lto
configure:5866: result: /usr/bin/ld
configure:5873: checking if the linker (/usr/bin/ld) is GNU ld
configure:5889: result: yes
configure:5901: checking for BSD- or MS-compatible name lister (nm)
configure:5956: result: /usr/bin/nm -B
configure:6096: checking the name lister (/usr/bin/nm -B) interface
configure:6104: afl-clang-lto -c -g -O2  conftest.c >&5
configure:6107: /usr/bin/nm -B "conftest.o"
configure:6110: output
00000000 T some_variable
configure:6117: result: BSD nm
configure:6121: checking the maximum length of command line arguments
configure:6253: result: 1572864
configure:6301: checking how to convert aarch64-unknown-linux-gnu file names to aarch64-unknown-linux-gnu format
configure:6342: result: func_convert_file_noop
configure:6349: checking how to convert aarch64-unknown-linux-gnu file names to toolchain format
configure:6370: result: func_convert_file_noop
configure:6377: checking for /usr/bin/ld option to reload object files
configure:6385: result: -r
configure:6464: checking for objdump
configure:6485: found /usr/bin/objdump
configure:6496: result: objdump
configure:6528: checking how to recognize dependent libraries
configure:6729: result: pass_all
configure:6819: checking for dlltool
configure:6854: result: no
configure:6884: checking how to associate runtime and link libraries
configure:6912: result: printf %s\n
configure:6978: checking for ar
configure:6999: found /usr/bin/ar
configure:7010: result: ar
configure:7047: checking for archiver @FILE support
configure:7065: afl-clang-lto -c -g -O2  conftest.c >&5
configure:7065: $? = 0
configure:7069: ar cr libconftest.a @conftest.lst >&5
configure:7072: $? = 0
configure:7077: ar cr libconftest.a @conftest.lst >&5
ar: conftest.o: No such file or directory
configure:7080: $? = 1
configure:7092: result: @
configure:7155: checking for strip
configure:7176: found /usr/bin/strip
configure:7187: result: strip
configure:7264: checking for ranlib
configure:7285: found /usr/bin/ranlib
configure:7296: result: ranlib
configure:7398: checking command to parse /usr/bin/nm -B output from afl-clang-lto object
configure:7552: afl-clang-lto -c -g -O2  conftest.c >&5
configure:7555: $? = 0
configure:7559: /usr/bin/nm -B conftest.o | sed -n -e 's/^.*[	 ]\([ABCDGIRSTW][ABCDGIRSTW]*\)[	 ][	 ]*\([_A-Za-z][_A-Za-z0-9]*\)$/\1 \2 \2/p' | sed '/ __gnu_lto/d' > conftest.nm
configure:7625: afl-clang-lto -o conftest -g -O2   conftest.c conftstm.o >&5
configure:7628: $? = 0
configure:7666: result: ok
configure:7713: checking for sysroot
configure:7744: result: no
configure:7751: checking for a working dd
configure:7795: result: /usr/bin/dd
configure:7799: checking how to truncate binary pipes
configure:7815: result: /usr/bin/dd bs=4096 count=1
configure:8152: checking for mt
configure:8187: result: no
configure:8207: checking if : is a manifest tool
configure:8214: : '-?'
configure:8222: result: no
configure:8952: checking for stdio.h
configure:8952: afl-clang-lto -c -g -O2  conftest.c >&5
configure:8952: $? = 0
configure:8952: result: yes
configure:8952: checking for stdlib.h
configure:8952: afl-clang-lto -c -g -O2  conftest.c >&5
configure:8952: $? = 0
configure:8952: result: yes
configure:8952: checking for string.h
configure:8952: afl-clang-lto -c -g -O2  conftest.c >&5
configure:8952: $? = 0
configure:8952: result: yes
configure:8952: checking for inttypes.h
configure:8952: afl-clang-lto -c -g -O2  conftest.c >&5
configure:8952: $? = 0
configure:8952: result: yes
configure:8952: checking for stdint.h
configure:8952: afl-clang-lto -c -g -O2  conftest.c >&5
configure:8952: $? = 0
configure:8952: result: yes
configure:8952: checking for strings.h
configure:8952: afl-clang-lto -c -g -O2  conftest.c >&5
configure:8952: $? = 0
configure:8952: result: yes
configure:8952: checking for sys/stat.h
configure:8952: afl-clang-lto -c -g -O2  conftest.c >&5
configure:8952: $? = 0
configure:8952: result: yes
configure:8952: checking for sys/types.h
configure:8952: afl-clang-lto -c -g -O2  conftest.c >&5
configure:8952: $? = 0
configure:8952: result: yes
configure:8952: checking for unistd.h
configure:8952: afl-clang-lto -c -g -O2  conftest.c >&5
configure:8952: $? = 0
configure:8952: result: yes
configure:8977: checking for dlfcn.h
configure:8977: afl-clang-lto -c -g -O2  conftest.c >&5
configure:8977: $? = 0
configure:8977: result: yes
configure:9205: checking for objdir
configure:9221: result: .libs
configure:9485: checking if afl-clang-lto supports -fno-rtti -fno-exceptions
configure:9504: afl-clang-lto -c -g -O2  -fno-rtti -fno-exceptions conftest.c >&5
configure:9508: $? = 0
configure:9521: result: yes
configure:9885: checking for afl-clang-lto option to produce PIC
configure:9893: result: -fPIC -DPIC
configure:9901: checking if afl-clang-lto PIC flag -fPIC -DPIC works
configure:9920: afl-clang-lto -c -g -O2  -fPIC -DPIC -DPIC conftest.c >&5
configure:9924: $? = 0
configure:9937: result: yes
configure:9966: checking if afl-clang-lto static flag -static works
configure:9995: result: yes
configure:10010: checking if afl-clang-lto supports -c -o file.o
configure:10032: afl-clang-lto -c -g -O2  -o out/conftest2.o conftest.c >&5
configure:10036: $? = 0
configure:10058: result: yes
configure:10066: checking if afl-clang-lto supports -c -o file.o
configure:10114: result: yes
configure:10147: checking whether the afl-clang-lto linker (/usr/bin/ld) supports shared libraries
configure:11417: result: yes
configure:11658: checking dynamic linker characteristics
configure:12240: afl-clang-lto -o conftest -g -O2   -Wl,-rpath -Wl,/foo conftest.c  >&5
configure:12240: $? = 0
configure:12491: result: GNU/Linux ld.so
configure:12613: checking how to hardcode library paths into programs
configure:12638: result: immediate
configure:13190: checking whether stripping libraries is possible
configure:13195: result: yes
configure:13230: checking if libtool supports shared libraries
configure:13232: result: yes
configure:13235: checking whether to build shared libraries
configure:13260: result: no
configure:13263: checking whether to build static libraries
configure:13267: result: yes
configure:13308: checking for bash
configure:13340: result: /bin/bash
configure:13368: checking for inline
configure:13385: afl-clang-lto -c -g -O2  conftest.c >&5
configure:13385: $? = 0
configure:13394: result: inline
configure:13412: checking for C/C++ restrict keyword
configure:13442: afl-clang-lto -c -g -O2  conftest.c >&5
configure:13442: $? = 0
configure:13451: result: __restrict__
configure:13463: checking for PS_open_file in -lps
configure:13486: afl-clang-lto -o conftest -g -O2   conftest.c -lps   >&5
ld.lld: error: unable to find library -lps
clang: error: linker command failed with exit code 1 (use -v to see invocation)
configure:13486: $? = 1
configure: failed program was:
| /* confdefs.h */
| #define PACKAGE_NAME "LibreDWG"
| #define PACKAGE_TARNAME "libredwg"
| #define PACKAGE_VERSION "0.12.5.721_77a8"
| #define PACKAGE_STRING "LibreDWG 0.12.5.721_77a8"
| #define PACKAGE_BUGREPORT "libredwg@gnu.org"
| #define PACKAGE_URL "https://savannah.gnu.org/projects/libredwg/"
| #define HAVE_STDIO_H 1
| #define HAVE_STDLIB_H 1
| #define HAVE_STRING_H 1
| #define HAVE_INTTYPES_H 1
| #define HAVE_STDINT_H 1
| #define HAVE_STRINGS_H 1
| #define HAVE_SYS_STAT_H 1
| #define HAVE_SYS_TYPES_H 1
| #define HAVE_UNISTD_H 1
| #define STDC_HEADERS 1
| #define HAVE_DLFCN_H 1
| #define LT_OBJDIR ".libs/"
| #define restrict __restrict__
| /* end confdefs.h.  */
| 
| /* Override any GCC internal prototype to avoid an error.
|    Use char because int might match the return type of a GCC
|    builtin and then its argument prototype would still apply.  */
| char PS_open_file ();
| int
| main (void)
| {
| return PS_open_file ();
|   ;
|   return 0;
| }
configure:13496: result: no
configure:13506: checking for pcre2_config_8 in -lpcre2-8
configure:13529: afl-clang-lto -o conftest -g -O2   conftest.c -lpcre2-8   >&5
configure:13529: $? = 0
configure:13539: result: yes
configure:13555: checking for pcre2_config_16 in -lpcre2-16
configure:13578: afl-clang-lto -o conftest -g -O2   conftest.c -lpcre2-16   >&5
configure:13578: $? = 0
configure:13588: result: yes
configure:13604: checking for newXMLEntity in -lxml2
configure:13627: afl-clang-lto -o conftest -g -O2   conftest.c -lxml2   >&5
ld.lld: error: undefined symbol: newXMLEntity
>>> referenced by conftest.c:31 (/src/conftest.c:31)
>>>               lto.tmp:(main)
clang: error: linker command failed with exit code 1 (use -v to see invocation)
configure:13627: $? = 1
configure: failed program was:
| /* confdefs.h */
| #define PACKAGE_NAME "LibreDWG"
| #define PACKAGE_TARNAME "libredwg"
| #define PACKAGE_VERSION "0.12.5.721_77a8"
| #define PACKAGE_STRING "LibreDWG 0.12.5.721_77a8"
| #define PACKAGE_BUGREPORT "libredwg@gnu.org"
| #define PACKAGE_URL "https://savannah.gnu.org/projects/libredwg/"
| #define HAVE_STDIO_H 1
| #define HAVE_STDLIB_H 1
| #define HAVE_STRING_H 1
| #define HAVE_INTTYPES_H 1
| #define HAVE_STDINT_H 1
| #define HAVE_STRINGS_H 1
| #define HAVE_SYS_STAT_H 1
| #define HAVE_SYS_TYPES_H 1
| #define HAVE_UNISTD_H 1
| #define STDC_HEADERS 1
| #define HAVE_DLFCN_H 1
| #define LT_OBJDIR ".libs/"
| #define restrict __restrict__
| #define HAVE_PCRE2_16 1
| /* end confdefs.h.  */
| 
| /* Override any GCC internal prototype to avoid an error.
|    Use char because int might match the return type of a GCC
|    builtin and then its argument prototype would still apply.  */
| char newXMLEntity ();
| int
| main (void)
| {
| return newXMLEntity ();
|   ;
|   return 0;
| }
configure:13637: result: no
configure:13669: checking for egrep
configure:13737: result: /usr/bin/grep -E
configure:13746: checking for stdlib.h
configure:13746: result: yes
configure:13752: checking for string.h
configure:13752: result: yes
configure:13758: checking for stddef.h
configure:13758: afl-clang-lto -c -g -O2  conftest.c >&5
configure:13758: $? = 0
configure:13758: result: yes
configure:13764: checking for unistd.h
configure:13764: result: yes
configure:13770: checking for malloc.h
configure:13770: afl-clang-lto -c -g -O2  conftest.c >&5
configure:13770: $? = 0
configure:13770: result: yes
configure:13776: checking for wchar.h
configure:13776: afl-clang-lto -c -g -O2  conftest.c >&5
configure:13776: $? = 0
configure:13776: result: yes
configure:13782: checking for ctype.h
configure:13782: afl-clang-lto -c -g -O2  conftest.c >&5
configure:13782: $? = 0
configure:13782: result: yes
configure:13789: checking for wctype.h
configure:13789: afl-clang-lto -c -g -O2  conftest.c >&5
configure:13789: $? = 0
configure:13789: result: yes
configure:13795: checking for float.h
configure:13795: afl-clang-lto -c -g -O2  conftest.c >&5
configure:13795: $? = 0
configure:13795: result: yes
configure:13801: checking for limits.h
configure:13801: afl-clang-lto -c -g -O2  conftest.c >&5
configure:13801: $? = 0
configure:13801: result: yes
configure:13807: checking for sys/param.h
configure:13807: afl-clang-lto -c -g -O2  conftest.c >&5
configure:13807: $? = 0
configure:13807: result: yes
configure:13813: checking for direct.h
configure:13813: afl-clang-lto -c -g -O2  conftest.c >&5
conftest.c:62:10: fatal error: 'direct.h' file not found
#include <direct.h>
         ^~~~~~~~~~
1 error generated.
configure:13813: $? = 1
configure: failed program was:
| /* confdefs.h */
| #define PACKAGE_NAME "LibreDWG"
| #define PACKAGE_TARNAME "libredwg"
| #define PACKAGE_VERSION "0.12.5.721_77a8"
| #define PACKAGE_STRING "LibreDWG 0.12.5.721_77a8"
| #define PACKAGE_BUGREPORT "libredwg@gnu.org"
| #define PACKAGE_URL "https://savannah.gnu.org/projects/libredwg/"
| #define HAVE_STDIO_H 1
| #define HAVE_STDLIB_H 1
| #define HAVE_STRING_H 1
| #define HAVE_INTTYPES_H 1
| #define HAVE_STDINT_H 1
| #define HAVE_STRINGS_H 1
| #define HAVE_SYS_STAT_H 1
| #define HAVE_SYS_TYPES_H 1
| #define HAVE_UNISTD_H 1
| #define STDC_HEADERS 1
| #define HAVE_DLFCN_H 1
| #define LT_OBJDIR ".libs/"
| #define restrict __restrict__
| #define HAVE_PCRE2_16 1
| #define HAVE_STDLIB_H 1
| #define HAVE_STRING_H 1
| #define HAVE_STDDEF_H 1
| #define HAVE_UNISTD_H 1
| #define HAVE_MALLOC_H 1
| #define HAVE_WCHAR_H 1
| #define HAVE_CTYPE_H 1
| #define HAVE_WCTYPE_H 1
| #define HAVE_FLOAT_H 1
| #define HAVE_LIMITS_H 1
| #define HAVE_SYS_PARAM_H 1
| /* end confdefs.h.  */
| #include <stddef.h>
| #ifdef HAVE_STDIO_H
| # include <stdio.h>
| #endif
| #ifdef HAVE_STDLIB_H
| # include <stdlib.h>
| #endif
| #ifdef HAVE_STRING_H
| # include <string.h>
| #endif
| #ifdef HAVE_INTTYPES_H
| # include <inttypes.h>
| #endif
| #ifdef HAVE_STDINT_H
| # include <stdint.h>
| #endif
| #ifdef HAVE_STRINGS_H
| # include <strings.h>
| #endif
| #ifdef HAVE_SYS_TYPES_H
| # include <sys/types.h>
| #endif
| #ifdef HAVE_SYS_STAT_H
| # include <sys/stat.h>
| #endif
| #ifdef HAVE_UNISTD_H
| # include <unistd.h>
| #endif
| #include <direct.h>
configure:13813: result: no
configure:13819: checking for libgen.h
configure:13819: afl-clang-lto -c -g -O2  conftest.c >&5
configure:13819: $? = 0
configure:13819: result: yes
configure:13826: checking for getopt.h
configure:13826: afl-clang-lto -c -g -O2  conftest.c >&5
configure:13826: $? = 0
configure:13826: result: yes
configure:13832: checking for alloca.h
configure:13832: afl-clang-lto -c -g -O2  conftest.c >&5
configure:13832: $? = 0
configure:13832: result: yes
configure:13838: checking for valgrind/valgrind.h
configure:13838: afl-clang-lto -c -g -O2  conftest.c >&5
conftest.c:65:10: fatal error: 'valgrind/valgrind.h' file not found
#include <valgrind/valgrind.h>
         ^~~~~~~~~~~~~~~~~~~~~
1 error generated.
configure:13838: $? = 1
configure: failed program was:
| /* confdefs.h */
| #define PACKAGE_NAME "LibreDWG"
| #define PACKAGE_TARNAME "libredwg"
| #define PACKAGE_VERSION "0.12.5.721_77a8"
| #define PACKAGE_STRING "LibreDWG 0.12.5.721_77a8"
| #define PACKAGE_BUGREPORT "libredwg@gnu.org"
| #define PACKAGE_URL "https://savannah.gnu.org/projects/libredwg/"
| #define HAVE_STDIO_H 1
| #define HAVE_STDLIB_H 1
| #define HAVE_STRING_H 1
| #define HAVE_INTTYPES_H 1
| #define HAVE_STDINT_H 1
| #define HAVE_STRINGS_H 1
| #define HAVE_SYS_STAT_H 1
| #define HAVE_SYS_TYPES_H 1
| #define HAVE_UNISTD_H 1
| #define STDC_HEADERS 1
| #define HAVE_DLFCN_H 1
| #define LT_OBJDIR ".libs/"
| #define restrict __restrict__
| #define HAVE_PCRE2_16 1
| #define HAVE_STDLIB_H 1
| #define HAVE_STRING_H 1
| #define HAVE_STDDEF_H 1
| #define HAVE_UNISTD_H 1
| #define HAVE_MALLOC_H 1
| #define HAVE_WCHAR_H 1
| #define HAVE_CTYPE_H 1
| #define HAVE_WCTYPE_H 1
| #define HAVE_FLOAT_H 1
| #define HAVE_LIMITS_H 1
| #define HAVE_SYS_PARAM_H 1
| #define HAVE_LIBGEN_H 1
| #define HAVE_GETOPT_H 1
| #define HAVE_ALLOCA_H 1
| /* end confdefs.h.  */
| #include <stddef.h>
| #ifdef HAVE_STDIO_H
| # include <stdio.h>
| #endif
| #ifdef HAVE_STDLIB_H
| # include <stdlib.h>
| #endif
| #ifdef HAVE_STRING_H
| # include <string.h>
| #endif
| #ifdef HAVE_INTTYPES_H
| # include <inttypes.h>
| #endif
| #ifdef HAVE_STDINT_H
| # include <stdint.h>
| #endif
| #ifdef HAVE_STRINGS_H
| # include <strings.h>
| #endif
| #ifdef HAVE_SYS_TYPES_H
| # include <sys/types.h>
| #endif
| #ifdef HAVE_SYS_STAT_H
| # include <sys/stat.h>
| #endif
| #ifdef HAVE_UNISTD_H
| # include <unistd.h>
| #endif
| #include <valgrind/valgrind.h>
configure:13838: result: no
configure:13848: checking for endian.h
configure:13848: afl-clang-lto -c -g -O2  conftest.c >&5
configure:13848: $? = 0
configure:13848: result: yes
configure:13861: checking for byteorder.h
configure:13861: afl-clang-lto -c -g -O2  conftest.c >&5
conftest.c:66:10: fatal error: 'byteorder.h' file not found
#include <byteorder.h>
         ^~~~~~~~~~~~~
1 error generated.
configure:13861: $? = 1
configure: failed program was:
| /* confdefs.h */
| #define PACKAGE_NAME "LibreDWG"
| #define PACKAGE_TARNAME "libredwg"
| #define PACKAGE_VERSION "0.12.5.721_77a8"
| #define PACKAGE_STRING "LibreDWG 0.12.5.721_77a8"
| #define PACKAGE_BUGREPORT "libredwg@gnu.org"
| #define PACKAGE_URL "https://savannah.gnu.org/projects/libredwg/"
| #define HAVE_STDIO_H 1
| #define HAVE_STDLIB_H 1
| #define HAVE_STRING_H 1
| #define HAVE_INTTYPES_H 1
| #define HAVE_STDINT_H 1
| #define HAVE_STRINGS_H 1
| #define HAVE_SYS_STAT_H 1
| #define HAVE_SYS_TYPES_H 1
| #define HAVE_UNISTD_H 1
| #define STDC_HEADERS 1
| #define HAVE_DLFCN_H 1
| #define LT_OBJDIR ".libs/"
| #define restrict __restrict__
| #define HAVE_PCRE2_16 1
| #define HAVE_STDLIB_H 1
| #define HAVE_STRING_H 1
| #define HAVE_STDDEF_H 1
| #define HAVE_UNISTD_H 1
| #define HAVE_MALLOC_H 1
| #define HAVE_WCHAR_H 1
| #define HAVE_CTYPE_H 1
| #define HAVE_WCTYPE_H 1
| #define HAVE_FLOAT_H 1
| #define HAVE_LIMITS_H 1
| #define HAVE_SYS_PARAM_H 1
| #define HAVE_LIBGEN_H 1
| #define HAVE_GETOPT_H 1
| #define HAVE_ALLOCA_H 1
| #define HAVE_ENDIAN_H 1
| /* end confdefs.h.  */
| #include <stddef.h>
| #ifdef HAVE_STDIO_H
| # include <stdio.h>
| #endif
| #ifdef HAVE_STDLIB_H
| # include <stdlib.h>
| #endif
| #ifdef HAVE_STRING_H
| # include <string.h>
| #endif
| #ifdef HAVE_INTTYPES_H
| # include <inttypes.h>
| #endif
| #ifdef HAVE_STDINT_H
| # include <stdint.h>
| #endif
| #ifdef HAVE_STRINGS_H
| # include <strings.h>
| #endif
| #ifdef HAVE_SYS_TYPES_H
| # include <sys/types.h>
| #endif
| #ifdef HAVE_SYS_STAT_H
| # include <sys/stat.h>
| #endif
| #ifdef HAVE_UNISTD_H
| # include <unistd.h>
| #endif
| #include <byteorder.h>
configure:13861: result: no
configure:13861: checking for byteswap.h
configure:13861: afl-clang-lto -c -g -O2  conftest.c >&5
configure:13861: $? = 0
configure:13861: result: yes
configure:13871: checking for mimalloc-override.h
configure:13871: afl-clang-lto -c -g -O2  conftest.c >&5
conftest.c:67:10: fatal error: 'mimalloc-override.h' file not found
#include <mimalloc-override.h>
         ^~~~~~~~~~~~~~~~~~~~~
1 error generated.
configure:13871: $? = 1
configure: failed program was:
| /* confdefs.h */
| #define PACKAGE_NAME "LibreDWG"
| #define PACKAGE_TARNAME "libredwg"
| #define PACKAGE_VERSION "0.12.5.721_77a8"
| #define PACKAGE_STRING "LibreDWG 0.12.5.721_77a8"
| #define PACKAGE_BUGREPORT "libredwg@gnu.org"
| #define PACKAGE_URL "https://savannah.gnu.org/projects/libredwg/"
| #define HAVE_STDIO_H 1
| #define HAVE_STDLIB_H 1
| #define HAVE_STRING_H 1
| #define HAVE_INTTYPES_H 1
| #define HAVE_STDINT_H 1
| #define HAVE_STRINGS_H 1
| #define HAVE_SYS_STAT_H 1
| #define HAVE_SYS_TYPES_H 1
| #define HAVE_UNISTD_H 1
| #define STDC_HEADERS 1
| #define HAVE_DLFCN_H 1
| #define LT_OBJDIR ".libs/"
| #define restrict __restrict__
| #define HAVE_PCRE2_16 1
| #define HAVE_STDLIB_H 1
| #define HAVE_STRING_H 1
| #define HAVE_STDDEF_H 1
| #define HAVE_UNISTD_H 1
| #define HAVE_MALLOC_H 1
| #define HAVE_WCHAR_H 1
| #define HAVE_CTYPE_H 1
| #define HAVE_WCTYPE_H 1
| #define HAVE_FLOAT_H 1
| #define HAVE_LIMITS_H 1
| #define HAVE_SYS_PARAM_H 1
| #define HAVE_LIBGEN_H 1
| #define HAVE_GETOPT_H 1
| #define HAVE_ALLOCA_H 1
| #define HAVE_ENDIAN_H 1
| #define HAVE_BYTESWAP_H 1
| /* end confdefs.h.  */
| #include <stddef.h>
| #ifdef HAVE_STDIO_H
| # include <stdio.h>
| #endif
| #ifdef HAVE_STDLIB_H
| # include <stdlib.h>
| #endif
| #ifdef HAVE_STRING_H
| # include <string.h>
| #endif
| #ifdef HAVE_INTTYPES_H
| # include <inttypes.h>
| #endif
| #ifdef HAVE_STDINT_H
| # include <stdint.h>
| #endif
| #ifdef HAVE_STRINGS_H
| # include <strings.h>
| #endif
| #ifdef HAVE_SYS_TYPES_H
| # include <sys/types.h>
| #endif
| #ifdef HAVE_SYS_STAT_H
| # include <sys/stat.h>
| #endif
| #ifdef HAVE_UNISTD_H
| # include <unistd.h>
| #endif
| #include <mimalloc-override.h>
configure:13871: result: no
configure:13878: checking whether byte ordering is bigendian
configure:13894: afl-clang-lto -c -g -O2  conftest.c >&5
conftest.c:40:9: error: unknown type name 'not'
               not a universal capable compiler
               ^
conftest.c:40:14: error: expected ';' after top level declarator
               not a universal capable compiler
                    ^
                    ;
2 errors generated.
configure:13894: $? = 1
configure: failed program was:
| /* confdefs.h */
| #define PACKAGE_NAME "LibreDWG"
| #define PACKAGE_TARNAME "libredwg"
| #define PACKAGE_VERSION "0.12.5.721_77a8"
| #define PACKAGE_STRING "LibreDWG 0.12.5.721_77a8"
| #define PACKAGE_BUGREPORT "libredwg@gnu.org"
| #define PACKAGE_URL "https://savannah.gnu.org/projects/libredwg/"
| #define HAVE_STDIO_H 1
| #define HAVE_STDLIB_H 1
| #define HAVE_STRING_H 1
| #define HAVE_INTTYPES_H 1
| #define HAVE_STDINT_H 1
| #define HAVE_STRINGS_H 1
| #define HAVE_SYS_STAT_H 1
| #define HAVE_SYS_TYPES_H 1
| #define HAVE_UNISTD_H 1
| #define STDC_HEADERS 1
| #define HAVE_DLFCN_H 1
| #define LT_OBJDIR ".libs/"
| #define restrict __restrict__
| #define HAVE_PCRE2_16 1
| #define HAVE_STDLIB_H 1
| #define HAVE_STRING_H 1
| #define HAVE_STDDEF_H 1
| #define HAVE_UNISTD_H 1
| #define HAVE_MALLOC_H 1
| #define HAVE_WCHAR_H 1
| #define HAVE_CTYPE_H 1
| #define HAVE_WCTYPE_H 1
| #define HAVE_FLOAT_H 1
| #define HAVE_LIMITS_H 1
| #define HAVE_SYS_PARAM_H 1
| #define HAVE_LIBGEN_H 1
| #define HAVE_GETOPT_H 1
| #define HAVE_ALLOCA_H 1
| #define HAVE_ENDIAN_H 1
| #define HAVE_BYTESWAP_H 1
| /* end confdefs.h.  */
| #ifndef __APPLE_CC__
| 	       not a universal capable compiler
| 	     #endif
| 	     typedef int dummy;
| 
configure:13940: afl-clang-lto -c -g -O2  conftest.c >&5
configure:13940: $? = 0
configure:13959: afl-clang-lto -c -g -O2  conftest.c >&5
conftest.c:46:4: error: use of undeclared identifier 'not'
                 not big endian
                 ^
1 error generated.
configure:13959: $? = 1
configure: failed program was:
| /* confdefs.h */
| #define PACKAGE_NAME "LibreDWG"
| #define PACKAGE_TARNAME "libredwg"
| #define PACKAGE_VERSION "0.12.5.721_77a8"
| #define PACKAGE_STRING "LibreDWG 0.12.5.721_77a8"
| #define PACKAGE_BUGREPORT "libredwg@gnu.org"
| #define PACKAGE_URL "https://savannah.gnu.org/projects/libredwg/"
| #define HAVE_STDIO_H 1
| #define HAVE_STDLIB_H 1
| #define HAVE_STRING_H 1
| #define HAVE_INTTYPES_H 1
| #define HAVE_STDINT_H 1
| #define HAVE_STRINGS_H 1
| #define HAVE_SYS_STAT_H 1
| #define HAVE_SYS_TYPES_H 1
| #define HAVE_UNISTD_H 1
| #define STDC_HEADERS 1
| #define HAVE_DLFCN_H 1
| #define LT_OBJDIR ".libs/"
| #define restrict __restrict__
| #define HAVE_PCRE2_16 1
| #define HAVE_STDLIB_H 1
| #define HAVE_STRING_H 1
| #define HAVE_STDDEF_H 1
| #define HAVE_UNISTD_H 1
| #define HAVE_MALLOC_H 1
| #define HAVE_WCHAR_H 1
| #define HAVE_CTYPE_H 1
| #define HAVE_WCTYPE_H 1
| #define HAVE_FLOAT_H 1
| #define HAVE_LIMITS_H 1
| #define HAVE_SYS_PARAM_H 1
| #define HAVE_LIBGEN_H 1
| #define HAVE_GETOPT_H 1
| #define HAVE_ALLOCA_H 1
| #define HAVE_ENDIAN_H 1
| #define HAVE_BYTESWAP_H 1
| /* end confdefs.h.  */
| #include <sys/types.h>
| 		#include <sys/param.h>
| 
| int
| main (void)
| {
| #if BYTE_ORDER != BIG_ENDIAN
| 		 not big endian
| 		#endif
| 
|   ;
|   return 0;
| }
configure:14093: result: no
configure:14111: checking for _Bool
configure:14111: afl-clang-lto -c -g -O2  conftest.c >&5
configure:14111: $? = 0
configure:14111: afl-clang-lto -c -g -O2  conftest.c >&5
conftest.c:70:20: error: expected expression
if (sizeof ((_Bool)))
                   ^
1 error generated.
configure:14111: $? = 1
configure: failed program was:
| /* confdefs.h */
| #define PACKAGE_NAME "LibreDWG"
| #define PACKAGE_TARNAME "libredwg"
| #define PACKAGE_VERSION "0.12.5.721_77a8"
| #define PACKAGE_STRING "LibreDWG 0.12.5.721_77a8"
| #define PACKAGE_BUGREPORT "libredwg@gnu.org"
| #define PACKAGE_URL "https://savannah.gnu.org/projects/libredwg/"
| #define HAVE_STDIO_H 1
| #define HAVE_STDLIB_H 1
| #define HAVE_STRING_H 1
| #define HAVE_INTTYPES_H 1
| #define HAVE_STDINT_H 1
| #define HAVE_STRINGS_H 1
| #define HAVE_SYS_STAT_H 1
| #define HAVE_SYS_TYPES_H 1
| #define HAVE_UNISTD_H 1
| #define STDC_HEADERS 1
| #define HAVE_DLFCN_H 1
| #define LT_OBJDIR ".libs/"
| #define restrict __restrict__
| #define HAVE_PCRE2_16 1
| #define HAVE_STDLIB_H 1
| #define HAVE_STRING_H 1
| #define HAVE_STDDEF_H 1
| #define HAVE_UNISTD_H 1
| #define HAVE_MALLOC_H 1
| #define HAVE_WCHAR_H 1
| #define HAVE_CTYPE_H 1
| #define HAVE_WCTYPE_H 1
| #define HAVE_FLOAT_H 1
| #define HAVE_LIMITS_H 1
| #define HAVE_SYS_PARAM_H 1
| #define HAVE_LIBGEN_H 1
| #define HAVE_GETOPT_H 1
| #define HAVE_ALLOCA_H 1
| #define HAVE_ENDIAN_H 1
| #define HAVE_BYTESWAP_H 1
| /* end confdefs.h.  */
| #include <stddef.h>
| #ifdef HAVE_STDIO_H
| # include <stdio.h>
| #endif
| #ifdef HAVE_STDLIB_H
| # include <stdlib.h>
| #endif
| #ifdef HAVE_STRING_H
| # include <string.h>
| #endif
| #ifdef HAVE_INTTYPES_H
| # include <inttypes.h>
| #endif
| #ifdef HAVE_STDINT_H
| # include <stdint.h>
| #endif
| #ifdef HAVE_STRINGS_H
| # include <strings.h>
| #endif
| #ifdef HAVE_SYS_TYPES_H
| # include <sys/types.h>
| #endif
| #ifdef HAVE_SYS_STAT_H
| # include <sys/stat.h>
| #endif
| #ifdef HAVE_UNISTD_H
| # include <unistd.h>
| #endif
| int
| main (void)
| {
| if (sizeof ((_Bool)))
| 	    return 0;
|   ;
|   return 0;
| }
configure:14111: result: yes
configure:14120: checking for stdbool.h that conforms to C99
configure:14236: afl-clang-lto -c -g -O2  conftest.c >&5
conftest.c:125:25: warning: address of 's' will always evaluate to 'true' [-Wpointer-bool-conversion]
             bool ps = &s;
                  ~~    ^
conftest.c:130:28: warning: address of 't' will always evaluate to 'true' [-Wpointer-bool-conversion]
               _Bool pt = &t;
                     ~~    ^
conftest.c:140:55: warning: address of array 'y' will always evaluate to 'true' [-Wpointer-bool-conversion]
                                                     ~^
conftest.c:140:50: warning: address of array 'x' will always evaluate to 'true' [-Wpointer-bool-conversion]
                                                ~^
conftest.c:140:45: warning: address of array 'w' will always evaluate to 'true' [-Wpointer-bool-conversion]
                                           ~^
conftest.c:140:40: warning: address of array 'v' will always evaluate to 'true' [-Wpointer-bool-conversion]
                                      ~^
conftest.c:140:35: warning: address of array 'u' will always evaluate to 'true' [-Wpointer-bool-conversion]
                                 ~^
conftest.c:140:30: warning: address of array 'r' will always evaluate to 'true' [-Wpointer-bool-conversion]
                            ~^
conftest.c:140:25: warning: address of array 'q' will always evaluate to 'true' [-Wpointer-bool-conversion]
                       ~^
conftest.c:138:40: warning: address of array 'o' will always evaluate to 'true' [-Wpointer-bool-conversion]
                                      ~^
conftest.c:138:35: warning: address of array 'n' will always evaluate to 'true' [-Wpointer-bool-conversion]
                                 ~^
conftest.c:138:30: warning: address of array 'm' will always evaluate to 'true' [-Wpointer-bool-conversion]
                            ~^
conftest.c:138:25: warning: address of array 'l' will always evaluate to 'true' [-Wpointer-bool-conversion]
                       ~^
conftest.c:137:73: warning: address of array 'k' will always evaluate to 'true' [-Wpointer-bool-conversion]
             return (!a + !b + !c + !d + !e + !f + !g + !h + !i + !j + !k
                                                                       ~^
conftest.c:137:68: warning: address of array 'j' will always evaluate to 'true' [-Wpointer-bool-conversion]
             return (!a + !b + !c + !d + !e + !f + !g + !h + !i + !j + !k
                                                                  ~^
conftest.c:137:63: warning: address of array 'i' will always evaluate to 'true' [-Wpointer-bool-conversion]
             return (!a + !b + !c + !d + !e + !f + !g + !h + !i + !j + !k
                                                             ~^
conftest.c:137:38: warning: address of array 'd' will always evaluate to 'true' [-Wpointer-bool-conversion]
             return (!a + !b + !c + !d + !e + !f + !g + !h + !i + !j + !k
                                    ~^
conftest.c:137:33: warning: address of array 'c' will always evaluate to 'true' [-Wpointer-bool-conversion]
             return (!a + !b + !c + !d + !e + !f + !g + !h + !i + !j + !k
                               ~^
conftest.c:137:28: warning: address of array 'b' will always evaluate to 'true' [-Wpointer-bool-conversion]
             return (!a + !b + !c + !d + !e + !f + !g + !h + !i + !j + !k
                          ~^
conftest.c:137:23: warning: address of array 'a' will always evaluate to 'true' [-Wpointer-bool-conversion]
             return (!a + !b + !c + !d + !e + !f + !g + !h + !i + !j + !k
                     ~^
20 warnings generated.
configure:14236: $? = 0
configure:14244: result: yes
configure:14248: checking for strcasecmp header file
configure:14267: afl-clang-lto -o conftest -g -O2   conftest.c  >&5
conftest.c:44:1: warning: ignoring return value of function declared with pure attribute [-Wunused-value]
strcasecmp("foo", "bar");
^~~~~~~~~~ ~~~~~~~~~~~~
1 warning generated.
configure:14267: $? = 0
configure:14300: result: <strings.h>
configure:14314: checking if le32toh is available
configure:14328: afl-clang-lto -o conftest -g -O2   conftest.c  >&5
conftest.c:46:2: error: call to undeclared function 'le32toh'; ISO C99 and later do not support implicit function declarations [-Wimplicit-function-declaration]
        le32toh(42);
        ^
1 error generated.
configure:14328: $? = 1
configure: failed program was:
| /* confdefs.h */
| #define PACKAGE_NAME "LibreDWG"
| #define PACKAGE_TARNAME "libredwg"
| #define PACKAGE_VERSION "0.12.5.721_77a8"
| #define PACKAGE_STRING "LibreDWG 0.12.5.721_77a8"
| #define PACKAGE_BUGREPORT "libredwg@gnu.org"
| #define PACKAGE_URL "https://savannah.gnu.org/projects/libredwg/"
| #define HAVE_STDIO_H 1
| #define HAVE_STDLIB_H 1
| #define HAVE_STRING_H 1
| #define HAVE_INTTYPES_H 1
| #define HAVE_STDINT_H 1
| #define HAVE_STRINGS_H 1
| #define HAVE_SYS_STAT_H 1
| #define HAVE_SYS_TYPES_H 1
| #define HAVE_UNISTD_H 1
| #define STDC_HEADERS 1
| #define HAVE_DLFCN_H 1
| #define LT_OBJDIR ".libs/"
| #define restrict __restrict__
| #define HAVE_PCRE2_16 1
| #define HAVE_STDLIB_H 1
| #define HAVE_STRING_H 1
| #define HAVE_STDDEF_H 1
| #define HAVE_UNISTD_H 1
| #define HAVE_MALLOC_H 1
| #define HAVE_WCHAR_H 1
| #define HAVE_CTYPE_H 1
| #define HAVE_WCTYPE_H 1
| #define HAVE_FLOAT_H 1
| #define HAVE_LIMITS_H 1
| #define HAVE_SYS_PARAM_H 1
| #define HAVE_LIBGEN_H 1
| #define HAVE_GETOPT_H 1
| #define HAVE_ALLOCA_H 1
| #define HAVE_ENDIAN_H 1
| #define HAVE_BYTESWAP_H 1
| #define HAVE__BOOL 1
| #define AX_STRCASECMP_HEADER <strings.h>
| /* end confdefs.h.  */
| 
| #include <byteswap.h>
| int
| main(void)
| {
| 	le32toh(42);
| 	return 0;
| }
| 
configure:14337: result: no
configure:14343: checking if le64toh is available
configure:14357: afl-clang-lto -o conftest -g -O2   conftest.c  >&5
conftest.c:46:2: error: call to undeclared function 'le64toh'; ISO C99 and later do not support implicit function declarations [-Wimplicit-function-declaration]
        le64toh(42);
        ^
1 error generated.
configure:14357: $? = 1
configure: failed program was:
| /* confdefs.h */
| #define PACKAGE_NAME "LibreDWG"
| #define PACKAGE_TARNAME "libredwg"
| #define PACKAGE_VERSION "0.12.5.721_77a8"
| #define PACKAGE_STRING "LibreDWG 0.12.5.721_77a8"
| #define PACKAGE_BUGREPORT "libredwg@gnu.org"
| #define PACKAGE_URL "https://savannah.gnu.org/projects/libredwg/"
| #define HAVE_STDIO_H 1
| #define HAVE_STDLIB_H 1
| #define HAVE_STRING_H 1
| #define HAVE_INTTYPES_H 1
| #define HAVE_STDINT_H 1
| #define HAVE_STRINGS_H 1
| #define HAVE_SYS_STAT_H 1
| #define HAVE_SYS_TYPES_H 1
| #define HAVE_UNISTD_H 1
| #define STDC_HEADERS 1
| #define HAVE_DLFCN_H 1
| #define LT_OBJDIR ".libs/"
| #define restrict __restrict__
| #define HAVE_PCRE2_16 1
| #define HAVE_STDLIB_H 1
| #define HAVE_STRING_H 1
| #define HAVE_STDDEF_H 1
| #define HAVE_UNISTD_H 1
| #define HAVE_MALLOC_H 1
| #define HAVE_WCHAR_H 1
| #define HAVE_CTYPE_H 1
| #define HAVE_WCTYPE_H 1
| #define HAVE_FLOAT_H 1
| #define HAVE_LIMITS_H 1
| #define HAVE_SYS_PARAM_H 1
| #define HAVE_LIBGEN_H 1
| #define HAVE_GETOPT_H 1
| #define HAVE_ALLOCA_H 1
| #define HAVE_ENDIAN_H 1
| #define HAVE_BYTESWAP_H 1
| #define HAVE__BOOL 1
| #define AX_STRCASECMP_HEADER <strings.h>
| /* end confdefs.h.  */
| 
| #include <byteswap.h>
| int
| main(void)
| {
| 	le64toh(42);
| 	return 0;
| }
| 
configure:14366: result: no
configure:14372: checking if be64toh is available
configure:14386: afl-clang-lto -o conftest -g -O2   conftest.c  >&5
conftest.c:46:2: error: call to undeclared function 'be64toh'; ISO C99 and later do not support implicit function declarations [-Wimplicit-function-declaration]
        be64toh(42);
        ^
1 error generated.
configure:14386: $? = 1
configure: failed program was:
| /* confdefs.h */
| #define PACKAGE_NAME "LibreDWG"
| #define PACKAGE_TARNAME "libredwg"
| #define PACKAGE_VERSION "0.12.5.721_77a8"
| #define PACKAGE_STRING "LibreDWG 0.12.5.721_77a8"
| #define PACKAGE_BUGREPORT "libredwg@gnu.org"
| #define PACKAGE_URL "https://savannah.gnu.org/projects/libredwg/"
| #define HAVE_STDIO_H 1
| #define HAVE_STDLIB_H 1
| #define HAVE_STRING_H 1
| #define HAVE_INTTYPES_H 1
| #define HAVE_STDINT_H 1
| #define HAVE_STRINGS_H 1
| #define HAVE_SYS_STAT_H 1
| #define HAVE_SYS_TYPES_H 1
| #define HAVE_UNISTD_H 1
| #define STDC_HEADERS 1
| #define HAVE_DLFCN_H 1
| #define LT_OBJDIR ".libs/"
| #define restrict __restrict__
| #define HAVE_PCRE2_16 1
| #define HAVE_STDLIB_H 1
| #define HAVE_STRING_H 1
| #define HAVE_STDDEF_H 1
| #define HAVE_UNISTD_H 1
| #define HAVE_MALLOC_H 1
| #define HAVE_WCHAR_H 1
| #define HAVE_CTYPE_H 1
| #define HAVE_WCTYPE_H 1
| #define HAVE_FLOAT_H 1
| #define HAVE_LIMITS_H 1
| #define HAVE_SYS_PARAM_H 1
| #define HAVE_LIBGEN_H 1
| #define HAVE_GETOPT_H 1
| #define HAVE_ALLOCA_H 1
| #define HAVE_ENDIAN_H 1
| #define HAVE_BYTESWAP_H 1
| #define HAVE__BOOL 1
| #define AX_STRCASECMP_HEADER <strings.h>
| /* end confdefs.h.  */
| 
| #include <byteswap.h>
| int
| main(void)
| {
| 	be64toh(42);
| 	return 0;
| }
| 
configure:14395: result: no
configure:14401: checking if htole32 is available
configure:14415: afl-clang-lto -o conftest -g -O2   conftest.c  >&5
conftest.c:46:2: error: call to undeclared function 'htole32'; ISO C99 and later do not support implicit function declarations [-Wimplicit-function-declaration]
        htole32(42);
        ^
1 error generated.
configure:14415: $? = 1
configure: failed program was:
| /* confdefs.h */
| #define PACKAGE_NAME "LibreDWG"
| #define PACKAGE_TARNAME "libredwg"
| #define PACKAGE_VERSION "0.12.5.721_77a8"
| #define PACKAGE_STRING "LibreDWG 0.12.5.721_77a8"
| #define PACKAGE_BUGREPORT "libredwg@gnu.org"
| #define PACKAGE_URL "https://savannah.gnu.org/projects/libredwg/"
| #define HAVE_STDIO_H 1
| #define HAVE_STDLIB_H 1
| #define HAVE_STRING_H 1
| #define HAVE_INTTYPES_H 1
| #define HAVE_STDINT_H 1
| #define HAVE_STRINGS_H 1
| #define HAVE_SYS_STAT_H 1
| #define HAVE_SYS_TYPES_H 1
| #define HAVE_UNISTD_H 1
| #define STDC_HEADERS 1
| #define HAVE_DLFCN_H 1
| #define LT_OBJDIR ".libs/"
| #define restrict __restrict__
| #define HAVE_PCRE2_16 1
| #define HAVE_STDLIB_H 1
| #define HAVE_STRING_H 1
| #define HAVE_STDDEF_H 1
| #define HAVE_UNISTD_H 1
| #define HAVE_MALLOC_H 1
| #define HAVE_WCHAR_H 1
| #define HAVE_CTYPE_H 1
| #define HAVE_WCTYPE_H 1
| #define HAVE_FLOAT_H 1
| #define HAVE_LIMITS_H 1
| #define HAVE_SYS_PARAM_H 1
| #define HAVE_LIBGEN_H 1
| #define HAVE_GETOPT_H 1
| #define HAVE_ALLOCA_H 1
| #define HAVE_ENDIAN_H 1
| #define HAVE_BYTESWAP_H 1
| #define HAVE__BOOL 1
| #define AX_STRCASECMP_HEADER <strings.h>
| /* end confdefs.h.  */
| 
| #include <byteswap.h>
| int
| main(void)
| {
| 	htole32(42);
| 	return 0;
| }
| 
configure:14424: result: no
configure:14430: checking if htobe64 is available
configure:14444: afl-clang-lto -o conftest -g -O2   conftest.c  >&5
conftest.c:46:2: error: call to undeclared function 'htobe64'; ISO C99 and later do not support implicit function declarations [-Wimplicit-function-declaration]
        htobe64(42);
        ^
1 error generated.
configure:14444: $? = 1
configure: failed program was:
| /* confdefs.h */
| #define PACKAGE_NAME "LibreDWG"
| #define PACKAGE_TARNAME "libredwg"
| #define PACKAGE_VERSION "0.12.5.721_77a8"
| #define PACKAGE_STRING "LibreDWG 0.12.5.721_77a8"
| #define PACKAGE_BUGREPORT "libredwg@gnu.org"
| #define PACKAGE_URL "https://savannah.gnu.org/projects/libredwg/"
| #define HAVE_STDIO_H 1
| #define HAVE_STDLIB_H 1
| #define HAVE_STRING_H 1
| #define HAVE_INTTYPES_H 1
| #define HAVE_STDINT_H 1
| #define HAVE_STRINGS_H 1
| #define HAVE_SYS_STAT_H 1
| #define HAVE_SYS_TYPES_H 1
| #define HAVE_UNISTD_H 1
| #define STDC_HEADERS 1
| #define HAVE_DLFCN_H 1
| #define LT_OBJDIR ".libs/"
| #define restrict __restrict__
| #define HAVE_PCRE2_16 1
| #define HAVE_STDLIB_H 1
| #define HAVE_STRING_H 1
| #define HAVE_STDDEF_H 1
| #define HAVE_UNISTD_H 1
| #define HAVE_MALLOC_H 1
| #define HAVE_WCHAR_H 1
| #define HAVE_CTYPE_H 1
| #define HAVE_WCTYPE_H 1
| #define HAVE_FLOAT_H 1
| #define HAVE_LIMITS_H 1
| #define HAVE_SYS_PARAM_H 1
| #define HAVE_LIBGEN_H 1
| #define HAVE_GETOPT_H 1
| #define HAVE_ALLOCA_H 1
| #define HAVE_ENDIAN_H 1
| #define HAVE_BYTESWAP_H 1
| #define HAVE__BOOL 1
| #define AX_STRCASECMP_HEADER <strings.h>
| /* end confdefs.h.  */
| 
| #include <byteswap.h>
| int
| main(void)
| {
| 	htobe64(42);
| 	return 0;
| }
| 
configure:14453: result: no
configure:14481: checking for pcre2.h
configure:14481: afl-clang-lto -c -g -O2  conftest.c >&5
configure:14481: $? = 0
configure:14481: result: yes
configure:14502: checking if pointers to integers require aligned access
configure:14536: afl-clang-lto -o conftest -g -O2   conftest.c  >&5
configure:14536: $? = 0
configure:14536: ./conftest
configure:14536: $? = 0
configure:14547: result: no
configure:14589: checking for size_t
configure:14589: afl-clang-lto -c -g -O2  conftest.c >&5
configure:14589: $? = 0
configure:14589: afl-clang-lto -c -g -O2  conftest.c >&5
conftest.c:73:21: error: expected expression
if (sizeof ((size_t)))
                    ^
1 error generated.
configure:14589: $? = 1
configure: failed program was:
| /* confdefs.h */
| #define PACKAGE_NAME "LibreDWG"
| #define PACKAGE_TARNAME "libredwg"
| #define PACKAGE_VERSION "0.12.5.721_77a8"
| #define PACKAGE_STRING "LibreDWG 0.12.5.721_77a8"
| #define PACKAGE_BUGREPORT "libredwg@gnu.org"
| #define PACKAGE_URL "https://savannah.gnu.org/projects/libredwg/"
| #define HAVE_STDIO_H 1
| #define HAVE_STDLIB_H 1
| #define HAVE_STRING_H 1
| #define HAVE_INTTYPES_H 1
| #define HAVE_STDINT_H 1
| #define HAVE_STRINGS_H 1
| #define HAVE_SYS_STAT_H 1
| #define HAVE_SYS_TYPES_H 1
| #define HAVE_UNISTD_H 1
| #define STDC_HEADERS 1
| #define HAVE_DLFCN_H 1
| #define LT_OBJDIR ".libs/"
| #define restrict __restrict__
| #define HAVE_PCRE2_16 1
| #define HAVE_STDLIB_H 1
| #define HAVE_STRING_H 1
| #define HAVE_STDDEF_H 1
| #define HAVE_UNISTD_H 1
| #define HAVE_MALLOC_H 1
| #define HAVE_WCHAR_H 1
| #define HAVE_CTYPE_H 1
| #define HAVE_WCTYPE_H 1
| #define HAVE_FLOAT_H 1
| #define HAVE_LIMITS_H 1
| #define HAVE_SYS_PARAM_H 1
| #define HAVE_LIBGEN_H 1
| #define HAVE_GETOPT_H 1
| #define HAVE_ALLOCA_H 1
| #define HAVE_ENDIAN_H 1
| #define HAVE_BYTESWAP_H 1
| #define HAVE__BOOL 1
| #define AX_STRCASECMP_HEADER <strings.h>
| #define HAVE_PCRE2_H 1
| /* end confdefs.h.  */
| #include <stddef.h>
| #ifdef HAVE_STDIO_H
| # include <stdio.h>
| #endif
| #ifdef HAVE_STDLIB_H
| # include <stdlib.h>
| #endif
| #ifdef HAVE_STRING_H
| # include <string.h>
| #endif
| #ifdef HAVE_INTTYPES_H
| # include <inttypes.h>
| #endif
| #ifdef HAVE_STDINT_H
| # include <stdint.h>
| #endif
| #ifdef HAVE_STRINGS_H
| # include <strings.h>
| #endif
| #ifdef HAVE_SYS_TYPES_H
| # include <sys/types.h>
| #endif
| #ifdef HAVE_SYS_STAT_H
| # include <sys/stat.h>
| #endif
| #ifdef HAVE_UNISTD_H
| # include <unistd.h>
| #endif
| int
| main (void)
| {
| if (sizeof ((size_t)))
| 	    return 0;
|   ;
|   return 0;
| }
configure:14589: result: yes
configure:14599: checking for int16_t
configure:14599: afl-clang-lto -c -g -O2  conftest.c >&5
configure:14599: $? = 0
configure:14599: afl-clang-lto -c -g -O2  conftest.c >&5
conftest.c:74:24: error: 'test_array' declared as an array with a negative size
static int test_array [1 - 2 * !((int16_t) (((((int16_t) 1 << N) << N) - 1) * 2 + 1)
                       ^~~~~~~~~~~~~~~~~~~~~~~~~~~~~~~~~~~~~~~~~~~~~~~~~~~~~~~~~~~~~
1 error generated.
configure:14599: $? = 1
configure: failed program was:
| /* confdefs.h */
| #define PACKAGE_NAME "LibreDWG"
| #define PACKAGE_TARNAME "libredwg"
| #define PACKAGE_VERSION "0.12.5.721_77a8"
| #define PACKAGE_STRING "LibreDWG 0.12.5.721_77a8"
| #define PACKAGE_BUGREPORT "libredwg@gnu.org"
| #define PACKAGE_URL "https://savannah.gnu.org/projects/libredwg/"
| #define HAVE_STDIO_H 1
| #define HAVE_STDLIB_H 1
| #define HAVE_STRING_H 1
| #define HAVE_INTTYPES_H 1
| #define HAVE_STDINT_H 1
| #define HAVE_STRINGS_H 1
| #define HAVE_SYS_STAT_H 1
| #define HAVE_SYS_TYPES_H 1
| #define HAVE_UNISTD_H 1
| #define STDC_HEADERS 1
| #define HAVE_DLFCN_H 1
| #define LT_OBJDIR ".libs/"
| #define restrict __restrict__
| #define HAVE_PCRE2_16 1
| #define HAVE_STDLIB_H 1
| #define HAVE_STRING_H 1
| #define HAVE_STDDEF_H 1
| #define HAVE_UNISTD_H 1
| #define HAVE_MALLOC_H 1
| #define HAVE_WCHAR_H 1
| #define HAVE_CTYPE_H 1
| #define HAVE_WCTYPE_H 1
| #define HAVE_FLOAT_H 1
| #define HAVE_LIMITS_H 1
| #define HAVE_SYS_PARAM_H 1
| #define HAVE_LIBGEN_H 1
| #define HAVE_GETOPT_H 1
| #define HAVE_ALLOCA_H 1
| #define HAVE_ENDIAN_H 1
| #define HAVE_BYTESWAP_H 1
| #define HAVE__BOOL 1
| #define AX_STRCASECMP_HEADER <strings.h>
| #define HAVE_PCRE2_H 1
| /* end confdefs.h.  */
| #include <stddef.h>
| #ifdef HAVE_STDIO_H
| # include <stdio.h>
| #endif
| #ifdef HAVE_STDLIB_H
| # include <stdlib.h>
| #endif
| #ifdef HAVE_STRING_H
| # include <string.h>
| #endif
| #ifdef HAVE_INTTYPES_H
| # include <inttypes.h>
| #endif
| #ifdef HAVE_STDINT_H
| # include <stdint.h>
| #endif
| #ifdef HAVE_STRINGS_H
| # include <strings.h>
| #endif
| #ifdef HAVE_SYS_TYPES_H
| # include <sys/types.h>
| #endif
| #ifdef HAVE_SYS_STAT_H
| # include <sys/stat.h>
| #endif
| #ifdef HAVE_UNISTD_H
| # include <unistd.h>
| #endif
| 	        enum { N = 16 / 2 - 1 };
| int
| main (void)
| {
| static int test_array [1 - 2 * !((int16_t) (((((int16_t) 1 << N) << N) - 1) * 2 + 1)
| 		 < (int16_t) (((((int16_t) 1 << N) << N) - 1) * 2 + 2))];
| test_array [0] = 0;
| return test_array [0];
| 
|   ;
|   return 0;
| }
configure:14599: result: yes
configure:14608: checking for uint16_t
configure:14608: afl-clang-lto -c -g -O2  conftest.c >&5
configure:14608: $? = 0
configure:14608: result: yes
configure:14618: checking for int32_t
configure:14618: afl-clang-lto -c -g -O2  conftest.c >&5
configure:14618: $? = 0
configure:14618: afl-clang-lto -c -g -O2  conftest.c >&5
conftest.c:75:53: warning: overflow in expression; result is -2147483648 with type 'int' [-Winteger-overflow]
                 < (int32_t) (((((int32_t) 1 << N) << N) - 1) * 2 + 2))];
                                                                  ^
conftest.c:74:24: error: 'test_array' declared as an array with a negative size
static int test_array [1 - 2 * !((int32_t) (((((int32_t) 1 << N) << N) - 1) * 2 + 1)
                       ^~~~~~~~~~~~~~~~~~~~~~~~~~~~~~~~~~~~~~~~~~~~~~~~~~~~~~~~~~~~~
1 warning and 1 error generated.
configure:14618: $? = 1
configure: failed program was:
| /* confdefs.h */
| #define PACKAGE_NAME "LibreDWG"
| #define PACKAGE_TARNAME "libredwg"
| #define PACKAGE_VERSION "0.12.5.721_77a8"
| #define PACKAGE_STRING "LibreDWG 0.12.5.721_77a8"
| #define PACKAGE_BUGREPORT "libredwg@gnu.org"
| #define PACKAGE_URL "https://savannah.gnu.org/projects/libredwg/"
| #define HAVE_STDIO_H 1
| #define HAVE_STDLIB_H 1
| #define HAVE_STRING_H 1
| #define HAVE_INTTYPES_H 1
| #define HAVE_STDINT_H 1
| #define HAVE_STRINGS_H 1
| #define HAVE_SYS_STAT_H 1
| #define HAVE_SYS_TYPES_H 1
| #define HAVE_UNISTD_H 1
| #define STDC_HEADERS 1
| #define HAVE_DLFCN_H 1
| #define LT_OBJDIR ".libs/"
| #define restrict __restrict__
| #define HAVE_PCRE2_16 1
| #define HAVE_STDLIB_H 1
| #define HAVE_STRING_H 1
| #define HAVE_STDDEF_H 1
| #define HAVE_UNISTD_H 1
| #define HAVE_MALLOC_H 1
| #define HAVE_WCHAR_H 1
| #define HAVE_CTYPE_H 1
| #define HAVE_WCTYPE_H 1
| #define HAVE_FLOAT_H 1
| #define HAVE_LIMITS_H 1
| #define HAVE_SYS_PARAM_H 1
| #define HAVE_LIBGEN_H 1
| #define HAVE_GETOPT_H 1
| #define HAVE_ALLOCA_H 1
| #define HAVE_ENDIAN_H 1
| #define HAVE_BYTESWAP_H 1
| #define HAVE__BOOL 1
| #define AX_STRCASECMP_HEADER <strings.h>
| #define HAVE_PCRE2_H 1
| /* end confdefs.h.  */
| #include <stddef.h>
| #ifdef HAVE_STDIO_H
| # include <stdio.h>
| #endif
| #ifdef HAVE_STDLIB_H
| # include <stdlib.h>
| #endif
| #ifdef HAVE_STRING_H
| # include <string.h>
| #endif
| #ifdef HAVE_INTTYPES_H
| # include <inttypes.h>
| #endif
| #ifdef HAVE_STDINT_H
| # include <stdint.h>
| #endif
| #ifdef HAVE_STRINGS_H
| # include <strings.h>
| #endif
| #ifdef HAVE_SYS_TYPES_H
| # include <sys/types.h>
| #endif
| #ifdef HAVE_SYS_STAT_H
| # include <sys/stat.h>
| #endif
| #ifdef HAVE_UNISTD_H
| # include <unistd.h>
| #endif
| 	        enum { N = 32 / 2 - 1 };
| int
| main (void)
| {
| static int test_array [1 - 2 * !((int32_t) (((((int32_t) 1 << N) << N) - 1) * 2 + 1)
| 		 < (int32_t) (((((int32_t) 1 << N) << N) - 1) * 2 + 2))];
| test_array [0] = 0;
| return test_array [0];
| 
|   ;
|   return 0;
| }
configure:14618: result: yes
configure:14627: checking for uint32_t
configure:14627: afl-clang-lto -c -g -O2  conftest.c >&5
configure:14627: $? = 0
configure:14627: result: yes
configure:14639: checking for int64_t
configure:14639: afl-clang-lto -c -g -O2  conftest.c >&5
configure:14639: $? = 0
configure:14639: afl-clang-lto -c -g -O2  conftest.c >&5
conftest.c:75:53: warning: overflow in expression; result is -9223372036854775808 with type 'int64_t' (aka 'long') [-Winteger-overflow]
                 < (int64_t) (((((int64_t) 1 << N) << N) - 1) * 2 + 2))];
                                                                  ^
conftest.c:74:24: error: 'test_array' declared as an array with a negative size
static int test_array [1 - 2 * !((int64_t) (((((int64_t) 1 << N) << N) - 1) * 2 + 1)
                       ^~~~~~~~~~~~~~~~~~~~~~~~~~~~~~~~~~~~~~~~~~~~~~~~~~~~~~~~~~~~~
1 warning and 1 error generated.
configure:14639: $? = 1
configure: failed program was:
| /* confdefs.h */
| #define PACKAGE_NAME "LibreDWG"
| #define PACKAGE_TARNAME "libredwg"
| #define PACKAGE_VERSION "0.12.5.721_77a8"
| #define PACKAGE_STRING "LibreDWG 0.12.5.721_77a8"
| #define PACKAGE_BUGREPORT "libredwg@gnu.org"
| #define PACKAGE_URL "https://savannah.gnu.org/projects/libredwg/"
| #define HAVE_STDIO_H 1
| #define HAVE_STDLIB_H 1
| #define HAVE_STRING_H 1
| #define HAVE_INTTYPES_H 1
| #define HAVE_STDINT_H 1
| #define HAVE_STRINGS_H 1
| #define HAVE_SYS_STAT_H 1
| #define HAVE_SYS_TYPES_H 1
| #define HAVE_UNISTD_H 1
| #define STDC_HEADERS 1
| #define HAVE_DLFCN_H 1
| #define LT_OBJDIR ".libs/"
| #define restrict __restrict__
| #define HAVE_PCRE2_16 1
| #define HAVE_STDLIB_H 1
| #define HAVE_STRING_H 1
| #define HAVE_STDDEF_H 1
| #define HAVE_UNISTD_H 1
| #define HAVE_MALLOC_H 1
| #define HAVE_WCHAR_H 1
| #define HAVE_CTYPE_H 1
| #define HAVE_WCTYPE_H 1
| #define HAVE_FLOAT_H 1
| #define HAVE_LIMITS_H 1
| #define HAVE_SYS_PARAM_H 1
| #define HAVE_LIBGEN_H 1
| #define HAVE_GETOPT_H 1
| #define HAVE_ALLOCA_H 1
| #define HAVE_ENDIAN_H 1
| #define HAVE_BYTESWAP_H 1
| #define HAVE__BOOL 1
| #define AX_STRCASECMP_HEADER <strings.h>
| #define HAVE_PCRE2_H 1
| /* end confdefs.h.  */
| #include <stddef.h>
| #ifdef HAVE_STDIO_H
| # include <stdio.h>
| #endif
| #ifdef HAVE_STDLIB_H
| # include <stdlib.h>
| #endif
| #ifdef HAVE_STRING_H
| # include <string.h>
| #endif
| #ifdef HAVE_INTTYPES_H
| # include <inttypes.h>
| #endif
| #ifdef HAVE_STDINT_H
| # include <stdint.h>
| #endif
| #ifdef HAVE_STRINGS_H
| # include <strings.h>
| #endif
| #ifdef HAVE_SYS_TYPES_H
| # include <sys/types.h>
| #endif
| #ifdef HAVE_SYS_STAT_H
| # include <sys/stat.h>
| #endif
| #ifdef HAVE_UNISTD_H
| # include <unistd.h>
| #endif
| 	        enum { N = 64 / 2 - 1 };
| int
| main (void)
| {
| static int test_array [1 - 2 * !((int64_t) (((((int64_t) 1 << N) << N) - 1) * 2 + 1)
| 		 < (int64_t) (((((int64_t) 1 << N) << N) - 1) * 2 + 2))];
| test_array [0] = 0;
| return test_array [0];
| 
|   ;
|   return 0;
| }
configure:14639: result: yes
configure:14648: checking for uint64_t
configure:14648: afl-clang-lto -c -g -O2  conftest.c >&5
configure:14648: $? = 0
configure:14648: result: yes
configure:14664: checking size of size_t
configure:14670: afl-clang-lto -o conftest -g -O2   conftest.c  >&5
configure:14670: $? = 0
configure:14670: ./conftest
configure:14670: $? = 0
configure:14685: result: 8
configure:14694: checking size of wchar_t
configure:14715: afl-clang-lto -c -g -O2  conftest.c >&5
configure:14715: $? = 0
configure:14728: result: 4
configure:16759: afl-clang-lto -c -g -O2  conftest.c >&5
conftest.c:47:9: error: "no C++"
       #error "no C++"
        ^
1 error generated.
configure:16759: $? = 1
configure: failed program was:
| /* confdefs.h */
| #define PACKAGE_NAME "LibreDWG"
| #define PACKAGE_TARNAME "libredwg"
| #define PACKAGE_VERSION "0.12.5.721_77a8"
| #define PACKAGE_STRING "LibreDWG 0.12.5.721_77a8"
| #define PACKAGE_BUGREPORT "libredwg@gnu.org"
| #define PACKAGE_URL "https://savannah.gnu.org/projects/libredwg/"
| #define HAVE_STDIO_H 1
| #define HAVE_STDLIB_H 1
| #define HAVE_STRING_H 1
| #define HAVE_INTTYPES_H 1
| #define HAVE_STDINT_H 1
| #define HAVE_STRINGS_H 1
| #define HAVE_SYS_STAT_H 1
| #define HAVE_SYS_TYPES_H 1
| #define HAVE_UNISTD_H 1
| #define STDC_HEADERS 1
| #define HAVE_DLFCN_H 1
| #define LT_OBJDIR ".libs/"
| #define restrict __restrict__
| #define HAVE_PCRE2_16 1
| #define HAVE_STDLIB_H 1
| #define HAVE_STRING_H 1
| #define HAVE_STDDEF_H 1
| #define HAVE_UNISTD_H 1
| #define HAVE_MALLOC_H 1
| #define HAVE_WCHAR_H 1
| #define HAVE_CTYPE_H 1
| #define HAVE_WCTYPE_H 1
| #define HAVE_FLOAT_H 1
| #define HAVE_LIMITS_H 1
| #define HAVE_SYS_PARAM_H 1
| #define HAVE_LIBGEN_H 1
| #define HAVE_GETOPT_H 1
| #define HAVE_ALLOCA_H 1
| #define HAVE_ENDIAN_H 1
| #define HAVE_BYTESWAP_H 1
| #define HAVE__BOOL 1
| #define AX_STRCASECMP_HEADER <strings.h>
| #define HAVE_PCRE2_H 1
| #define SIZEOF_SIZE_T 8
| #define SIZEOF_WCHAR_T 4
| #define _POSIX_C_SOURCE 200809L
| /* end confdefs.h.  */
| 
|       #ifndef __cplusplus
|        #error "no C++"
|        #endif
| int
| main (void)
| {
| 
|   ;
|   return 0;
| }
configure:16774: checking whether C compiler accepts -Werror=unknown-warning-option
configure:16794: afl-clang-lto -c -g -O2  -Werror=unknown-warning-option  conftest.c >&5
configure:16794: $? = 0
configure:16803: result: yes
configure:16818: checking whether C compiler accepts -Wsuggest-attribute=format
configure:16838: afl-clang-lto -c -g -O2  -Wsuggest-attribute=format  conftest.c >&5
warning: unknown warning option '-Wsuggest-attribute=format'; did you mean '-Wproperty-attribute-mismatch'? [-Wunknown-warning-option]
1 warning generated.
configure:16838: $? = 0
configure: failed program was:
| /* confdefs.h */
| #define PACKAGE_NAME "LibreDWG"
| #define PACKAGE_TARNAME "libredwg"
| #define PACKAGE_VERSION "0.12.5.721_77a8"
| #define PACKAGE_STRING "LibreDWG 0.12.5.721_77a8"
| #define PACKAGE_BUGREPORT "libredwg@gnu.org"
| #define PACKAGE_URL "https://savannah.gnu.org/projects/libredwg/"
| #define HAVE_STDIO_H 1
| #define HAVE_STDLIB_H 1
| #define HAVE_STRING_H 1
| #define HAVE_INTTYPES_H 1
| #define HAVE_STDINT_H 1
| #define HAVE_STRINGS_H 1
| #define HAVE_SYS_STAT_H 1
| #define HAVE_SYS_TYPES_H 1
| #define HAVE_UNISTD_H 1
| #define STDC_HEADERS 1
| #define HAVE_DLFCN_H 1
| #define LT_OBJDIR ".libs/"
| #define restrict __restrict__
| #define HAVE_PCRE2_16 1
| #define HAVE_STDLIB_H 1
| #define HAVE_STRING_H 1
| #define HAVE_STDDEF_H 1
| #define HAVE_UNISTD_H 1
| #define HAVE_MALLOC_H 1
| #define HAVE_WCHAR_H 1
| #define HAVE_CTYPE_H 1
| #define HAVE_WCTYPE_H 1
| #define HAVE_FLOAT_H 1
| #define HAVE_LIMITS_H 1
| #define HAVE_SYS_PARAM_H 1
| #define HAVE_LIBGEN_H 1
| #define HAVE_GETOPT_H 1
| #define HAVE_ALLOCA_H 1
| #define HAVE_ENDIAN_H 1
| #define HAVE_BYTESWAP_H 1
| #define HAVE__BOOL 1
| #define AX_STRCASECMP_HEADER <strings.h>
| #define HAVE_PCRE2_H 1
| #define SIZEOF_SIZE_T 8
| #define SIZEOF_WCHAR_T 4
| #define _POSIX_C_SOURCE 200809L
| /* end confdefs.h.  */
| 
| int
| main (void)
| {
| 
|   ;
|   return 0;
| }
configure:16847: result: no
configure:16868: checking whether C compiler accepts -mretpoline -DRETPOLINE
configure:16888: afl-clang-lto -c -g -O2 -Werror=unknown-warning-option -mretpoline -DRETPOLINE  conftest.c >&5
configure:16888: $? = 0
configure:16898: result: yes
configure:16927: : RETPOLINE_CFLAGS="$RETPOLINE_CFLAGS"
configure:16930: $? = 0
configure:17031: checking whether C compiler accepts -fno-strict-aliasing
configure:17051: afl-clang-lto -c -g -O2 -Werror=unknown-warning-option -fno-strict-aliasing  conftest.c >&5
configure:17051: $? = 0
configure:17061: result: yes
configure:17090: : WARN_CFLAGS="$WARN_CFLAGS"
configure:17093: $? = 0
configure:17031: checking whether C compiler accepts -fno-common
configure:17051: afl-clang-lto -c -g -O2 -Werror=unknown-warning-option -fno-common  conftest.c >&5
configure:17051: $? = 0
configure:17061: result: yes
configure:17079: : WARN_CFLAGS="$WARN_CFLAGS"
configure:17082: $? = 0
configure:17031: checking whether C compiler accepts -fvisibility=hidden
configure:17051: afl-clang-lto -c -g -O2 -Werror=unknown-warning-option -fvisibility=hidden  conftest.c >&5
configure:17051: $? = 0
configure:17061: result: yes
configure:17079: : WARN_CFLAGS="$WARN_CFLAGS"
configure:17082: $? = 0
configure:17031: checking whether C compiler accepts -fno-strict-aliasing
configure:17061: result: yes
configure:17071: : WARN_CFLAGS already contains $flag
configure:17074: $? = 0
configure:17031: checking whether C compiler accepts -fno-delete-null-pointer-checks
configure:17051: afl-clang-lto -c -g -O2 -Werror=unknown-warning-option -fno-delete-null-pointer-checks  conftest.c >&5
configure:17051: $? = 0
configure:17061: result: yes
configure:17079: : WARN_CFLAGS="$WARN_CFLAGS"
configure:17082: $? = 0
configure:17031: checking whether C compiler accepts -fno-strict-overflow
configure:17051: afl-clang-lto -c -g -O2 -Werror=unknown-warning-option -fno-strict-overflow  conftest.c >&5
configure:17051: $? = 0
configure:17061: result: yes
configure:17079: : WARN_CFLAGS="$WARN_CFLAGS"
configure:17082: $? = 0
configure:17115: checking whether C compiler accepts -Wall
configure:17135: afl-clang-lto -c -g -O2 -Werror=unknown-warning-option -Wall  conftest.c >&5
configure:17135: $? = 0
configure:17145: result: yes
configure:17163: : WARN_CFLAGS="$WARN_CFLAGS"
configure:17166: $? = 0
configure:17115: checking whether C compiler accepts -Wextra
configure:17135: afl-clang-lto -c -g -O2 -Werror=unknown-warning-option -Wextra  conftest.c >&5
configure:17135: $? = 0
configure:17145: result: yes
configure:17163: : WARN_CFLAGS="$WARN_CFLAGS"
configure:17166: $? = 0
configure:17115: checking whether C compiler accepts -Wundef
configure:17135: afl-clang-lto -c -g -O2 -Werror=unknown-warning-option -Wundef  conftest.c >&5
configure:17135: $? = 0
configure:17145: result: yes
configure:17163: : WARN_CFLAGS="$WARN_CFLAGS"
configure:17166: $? = 0
configure:17115: checking whether C compiler accepts -Wwrite-strings
configure:17135: afl-clang-lto -c -g -O2 -Werror=unknown-warning-option -Wwrite-strings  conftest.c >&5
configure:17135: $? = 0
configure:17145: result: yes
configure:17163: : WARN_CFLAGS="$WARN_CFLAGS"
configure:17166: $? = 0
configure:17115: checking whether C compiler accepts -Wpointer-arith
configure:17135: afl-clang-lto -c -g -O2 -Werror=unknown-warning-option -Wpointer-arith  conftest.c >&5
configure:17135: $? = 0
configure:17145: result: yes
configure:17163: : WARN_CFLAGS="$WARN_CFLAGS"
configure:17166: $? = 0
configure:17115: checking whether C compiler accepts -Wmissing-declarations
configure:17135: afl-clang-lto -c -g -O2 -Werror=unknown-warning-option -Wmissing-declarations  conftest.c >&5
configure:17135: $? = 0
configure:17145: result: yes
configure:17163: : WARN_CFLAGS="$WARN_CFLAGS"
configure:17166: $? = 0
configure:17115: checking whether C compiler accepts -Wredundant-decls
configure:17135: afl-clang-lto -c -g -O2 -Werror=unknown-warning-option -Wredundant-decls  conftest.c >&5
configure:17135: $? = 0
configure:17145: result: yes
configure:17163: : WARN_CFLAGS="$WARN_CFLAGS"
configure:17166: $? = 0
configure:17115: checking whether C compiler accepts -Wno-unused-variable
configure:17135: afl-clang-lto -c -g -O2 -Werror=unknown-warning-option -Wno-unused-variable  conftest.c >&5
configure:17135: $? = 0
configure:17145: result: yes
configure:17163: : WARN_CFLAGS="$WARN_CFLAGS"
configure:17166: $? = 0
configure:17115: checking whether C compiler accepts -Wno-unused-parameter
configure:17135: afl-clang-lto -c -g -O2 -Werror=unknown-warning-option -Wno-unused-parameter  conftest.c >&5
configure:17135: $? = 0
configure:17145: result: yes
configure:17163: : WARN_CFLAGS="$WARN_CFLAGS"
configure:17166: $? = 0
configure:17115: checking whether C compiler accepts -Wno-unused-but-set-variable
configure:17135: afl-clang-lto -c -g -O2 -Werror=unknown-warning-option -Wno-unused-but-set-variable  conftest.c >&5
configure:17135: $? = 0
configure:17145: result: yes
configure:17163: : WARN_CFLAGS="$WARN_CFLAGS"
configure:17166: $? = 0
configure:17115: checking whether C compiler accepts -Wno-missing-field-initializers
configure:17135: afl-clang-lto -c -g -O2 -Werror=unknown-warning-option -Wno-missing-field-initializers  conftest.c >&5
configure:17135: $? = 0
configure:17145: result: yes
configure:17163: : WARN_CFLAGS="$WARN_CFLAGS"
configure:17166: $? = 0
configure:17115: checking whether C compiler accepts -Wno-cast-align
configure:17135: afl-clang-lto -c -g -O2 -Werror=unknown-warning-option -Wno-cast-align  conftest.c >&5
configure:17135: $? = 0
configure:17145: result: yes
configure:17163: : WARN_CFLAGS="$WARN_CFLAGS"
configure:17166: $? = 0
configure:17115: checking whether C compiler accepts -Wformat=2
configure:17135: afl-clang-lto -c -g -O2 -Werror=unknown-warning-option -Wformat=2  conftest.c >&5
configure:17135: $? = 0
configure:17145: result: yes
configure:17163: : WARN_CFLAGS="$WARN_CFLAGS"
configure:17166: $? = 0
configure:17115: checking whether C compiler accepts -Wformat-nonliteral
configure:17135: afl-clang-lto -c -g -O2 -Werror=unknown-warning-option -Wformat-nonliteral  conftest.c >&5
configure:17135: $? = 0
configure:17145: result: yes
configure:17163: : WARN_CFLAGS="$WARN_CFLAGS"
configure:17166: $? = 0
configure:17115: checking whether C compiler accepts -Wformat-security
configure:17135: afl-clang-lto -c -g -O2 -Werror=unknown-warning-option -Wformat-security  conftest.c >&5
configure:17135: $? = 0
configure:17145: result: yes
configure:17163: : WARN_CFLAGS="$WARN_CFLAGS"
configure:17166: $? = 0
configure:17115: checking whether C compiler accepts -Wformat-y2k
configure:17135: afl-clang-lto -c -g -O2 -Werror=unknown-warning-option -Wformat-y2k  conftest.c >&5
configure:17135: $? = 0
configure:17145: result: yes
configure:17163: : WARN_CFLAGS="$WARN_CFLAGS"
configure:17166: $? = 0
configure:17115: checking whether C compiler accepts -Wsign-compare
configure:17135: afl-clang-lto -c -g -O2 -Werror=unknown-warning-option -Wsign-compare  conftest.c >&5
configure:17135: $? = 0
configure:17145: result: yes
configure:17163: : WARN_CFLAGS="$WARN_CFLAGS"
configure:17166: $? = 0
configure:17115: checking whether C compiler accepts -Wstrict-aliasing
configure:17135: afl-clang-lto -c -g -O2 -Werror=unknown-warning-option -Wstrict-aliasing  conftest.c >&5
configure:17135: $? = 0
configure:17145: result: yes
configure:17163: : WARN_CFLAGS="$WARN_CFLAGS"
configure:17166: $? = 0
configure:17115: checking whether C compiler accepts -Wshadow
configure:17135: afl-clang-lto -c -g -O2 -Werror=unknown-warning-option -Wshadow  conftest.c >&5
configure:17135: $? = 0
configure:17145: result: yes
configure:17163: : WARN_CFLAGS="$WARN_CFLAGS"
configure:17166: $? = 0
configure:17115: checking whether C compiler accepts -Winline
configure:17135: afl-clang-lto -c -g -O2 -Werror=unknown-warning-option -Winline  conftest.c >&5
configure:17135: $? = 0
configure:17145: result: yes
configure:17163: : WARN_CFLAGS="$WARN_CFLAGS"
configure:17166: $? = 0
configure:17115: checking whether C compiler accepts -Wpacked
configure:17135: afl-clang-lto -c -g -O2 -Werror=unknown-warning-option -Wpacked  conftest.c >&5
configure:17135: $? = 0
configure:17145: result: yes
configure:17163: : WARN_CFLAGS="$WARN_CFLAGS"
configure:17166: $? = 0
configure:17115: checking whether C compiler accepts -Wmissing-format-attribute
configure:17135: afl-clang-lto -c -g -O2 -Werror=unknown-warning-option -Wmissing-format-attribute  conftest.c >&5
configure:17135: $? = 0
configure:17145: result: yes
configure:17163: : WARN_CFLAGS="$WARN_CFLAGS"
configure:17166: $? = 0
configure:17115: checking whether C compiler accepts -Wmissing-noreturn
configure:17135: afl-clang-lto -c -g -O2 -Werror=unknown-warning-option -Wmissing-noreturn  conftest.c >&5
configure:17135: $? = 0
configure:17145: result: yes
configure:17163: : WARN_CFLAGS="$WARN_CFLAGS"
configure:17166: $? = 0
configure:17115: checking whether C compiler accepts -Winit-self
configure:17135: afl-clang-lto -c -g -O2 -Werror=unknown-warning-option -Winit-self  conftest.c >&5
configure:17135: $? = 0
configure:17145: result: yes
configure:17163: : WARN_CFLAGS="$WARN_CFLAGS"
configure:17166: $? = 0
configure:17115: checking whether C compiler accepts -Wredundant-decls
configure:17145: result: yes
configure:17155: : WARN_CFLAGS already contains $flag
configure:17158: $? = 0
configure:17115: checking whether C compiler accepts -Wmissing-include-dirs
configure:17135: afl-clang-lto -c -g -O2 -Werror=unknown-warning-option -Wmissing-include-dirs  conftest.c >&5
configure:17135: $? = 0
configure:17145: result: yes
configure:17163: : WARN_CFLAGS="$WARN_CFLAGS"
configure:17166: $? = 0
configure:17115: checking whether C compiler accepts -Warray-bounds
configure:17135: afl-clang-lto -c -g -O2 -Werror=unknown-warning-option -Warray-bounds  conftest.c >&5
configure:17135: $? = 0
configure:17145: result: yes
configure:17163: : WARN_CFLAGS="$WARN_CFLAGS"
configure:17166: $? = 0
configure:17115: checking whether C compiler accepts -Wreturn-type
configure:17135: afl-clang-lto -c -g -O2 -Werror=unknown-warning-option -Wreturn-type  conftest.c >&5
configure:17135: $? = 0
configure:17145: result: yes
configure:17163: : WARN_CFLAGS="$WARN_CFLAGS"
configure:17166: $? = 0
configure:17115: checking whether C compiler accepts -Wswitch-enum
configure:17145: result: no
configure:17115: checking whether C compiler accepts -Wswitch-default
configure:17135: afl-clang-lto -c -g -O2 -Werror=unknown-warning-option -Wswitch-default  conftest.c >&5
configure:17135: $? = 0
configure:17145: result: yes
configure:17163: : WARN_CFLAGS="$WARN_CFLAGS"
configure:17166: $? = 0
configure:17115: checking whether C compiler accepts -Wduplicated-cond
configure:17135: afl-clang-lto -c -g -O2 -Werror=unknown-warning-option -Wduplicated-cond  conftest.c >&5
error: unknown warning option '-Wduplicated-cond' [-Werror,-Wunknown-warning-option]
configure:17135: $? = 1
configure: failed program was:
| /* confdefs.h */
| #define PACKAGE_NAME "LibreDWG"
| #define PACKAGE_TARNAME "libredwg"
| #define PACKAGE_VERSION "0.12.5.721_77a8"
| #define PACKAGE_STRING "LibreDWG 0.12.5.721_77a8"
| #define PACKAGE_BUGREPORT "libredwg@gnu.org"
| #define PACKAGE_URL "https://savannah.gnu.org/projects/libredwg/"
| #define HAVE_STDIO_H 1
| #define HAVE_STDLIB_H 1
| #define HAVE_STRING_H 1
| #define HAVE_INTTYPES_H 1
| #define HAVE_STDINT_H 1
| #define HAVE_STRINGS_H 1
| #define HAVE_SYS_STAT_H 1
| #define HAVE_SYS_TYPES_H 1
| #define HAVE_UNISTD_H 1
| #define STDC_HEADERS 1
| #define HAVE_DLFCN_H 1
| #define LT_OBJDIR ".libs/"
| #define restrict __restrict__
| #define HAVE_PCRE2_16 1
| #define HAVE_STDLIB_H 1
| #define HAVE_STRING_H 1
| #define HAVE_STDDEF_H 1
| #define HAVE_UNISTD_H 1
| #define HAVE_MALLOC_H 1
| #define HAVE_WCHAR_H 1
| #define HAVE_CTYPE_H 1
| #define HAVE_WCTYPE_H 1
| #define HAVE_FLOAT_H 1
| #define HAVE_LIMITS_H 1
| #define HAVE_SYS_PARAM_H 1
| #define HAVE_LIBGEN_H 1
| #define HAVE_GETOPT_H 1
| #define HAVE_ALLOCA_H 1
| #define HAVE_ENDIAN_H 1
| #define HAVE_BYTESWAP_H 1
| #define HAVE__BOOL 1
| #define AX_STRCASECMP_HEADER <strings.h>
| #define HAVE_PCRE2_H 1
| #define SIZEOF_SIZE_T 8
| #define SIZEOF_WCHAR_T 4
| #define _POSIX_C_SOURCE 200809L
| /* end confdefs.h.  */
| 
| int
| main (void)
| {
| 
|   ;
|   return 0;
| }
configure:17145: result: no
configure:17115: checking whether C compiler accepts -Wduplicated-branches
configure:17135: afl-clang-lto -c -g -O2 -Werror=unknown-warning-option -Wduplicated-branches  conftest.c >&5
error: unknown warning option '-Wduplicated-branches' [-Werror,-Wunknown-warning-option]
configure:17135: $? = 1
configure: failed program was:
| /* confdefs.h */
| #define PACKAGE_NAME "LibreDWG"
| #define PACKAGE_TARNAME "libredwg"
| #define PACKAGE_VERSION "0.12.5.721_77a8"
| #define PACKAGE_STRING "LibreDWG 0.12.5.721_77a8"
| #define PACKAGE_BUGREPORT "libredwg@gnu.org"
| #define PACKAGE_URL "https://savannah.gnu.org/projects/libredwg/"
| #define HAVE_STDIO_H 1
| #define HAVE_STDLIB_H 1
| #define HAVE_STRING_H 1
| #define HAVE_INTTYPES_H 1
| #define HAVE_STDINT_H 1
| #define HAVE_STRINGS_H 1
| #define HAVE_SYS_STAT_H 1
| #define HAVE_SYS_TYPES_H 1
| #define HAVE_UNISTD_H 1
| #define STDC_HEADERS 1
| #define HAVE_DLFCN_H 1
| #define LT_OBJDIR ".libs/"
| #define restrict __restrict__
| #define HAVE_PCRE2_16 1
| #define HAVE_STDLIB_H 1
| #define HAVE_STRING_H 1
| #define HAVE_STDDEF_H 1
| #define HAVE_UNISTD_H 1
| #define HAVE_MALLOC_H 1
| #define HAVE_WCHAR_H 1
| #define HAVE_CTYPE_H 1
| #define HAVE_WCTYPE_H 1
| #define HAVE_FLOAT_H 1
| #define HAVE_LIMITS_H 1
| #define HAVE_SYS_PARAM_H 1
| #define HAVE_LIBGEN_H 1
| #define HAVE_GETOPT_H 1
| #define HAVE_ALLOCA_H 1
| #define HAVE_ENDIAN_H 1
| #define HAVE_BYTESWAP_H 1
| #define HAVE__BOOL 1
| #define AX_STRCASECMP_HEADER <strings.h>
| #define HAVE_PCRE2_H 1
| #define SIZEOF_SIZE_T 8
| #define SIZEOF_WCHAR_T 4
| #define _POSIX_C_SOURCE 200809L
| /* end confdefs.h.  */
| 
| int
| main (void)
| {
| 
|   ;
|   return 0;
| }
configure:17145: result: no
configure:17115: checking whether C compiler accepts -Wlogical-op
configure:17135: afl-clang-lto -c -g -O2 -Werror=unknown-warning-option -Wlogical-op  conftest.c >&5
error: unknown warning option '-Wlogical-op'; did you mean '-Wlong-long'? [-Werror,-Wunknown-warning-option]
configure:17135: $? = 1
configure: failed program was:
| /* confdefs.h */
| #define PACKAGE_NAME "LibreDWG"
| #define PACKAGE_TARNAME "libredwg"
| #define PACKAGE_VERSION "0.12.5.721_77a8"
| #define PACKAGE_STRING "LibreDWG 0.12.5.721_77a8"
| #define PACKAGE_BUGREPORT "libredwg@gnu.org"
| #define PACKAGE_URL "https://savannah.gnu.org/projects/libredwg/"
| #define HAVE_STDIO_H 1
| #define HAVE_STDLIB_H 1
| #define HAVE_STRING_H 1
| #define HAVE_INTTYPES_H 1
| #define HAVE_STDINT_H 1
| #define HAVE_STRINGS_H 1
| #define HAVE_SYS_STAT_H 1
| #define HAVE_SYS_TYPES_H 1
| #define HAVE_UNISTD_H 1
| #define STDC_HEADERS 1
| #define HAVE_DLFCN_H 1
| #define LT_OBJDIR ".libs/"
| #define restrict __restrict__
| #define HAVE_PCRE2_16 1
| #define HAVE_STDLIB_H 1
| #define HAVE_STRING_H 1
| #define HAVE_STDDEF_H 1
| #define HAVE_UNISTD_H 1
| #define HAVE_MALLOC_H 1
| #define HAVE_WCHAR_H 1
| #define HAVE_CTYPE_H 1
| #define HAVE_WCTYPE_H 1
| #define HAVE_FLOAT_H 1
| #define HAVE_LIMITS_H 1
| #define HAVE_SYS_PARAM_H 1
| #define HAVE_LIBGEN_H 1
| #define HAVE_GETOPT_H 1
| #define HAVE_ALLOCA_H 1
| #define HAVE_ENDIAN_H 1
| #define HAVE_BYTESWAP_H 1
| #define HAVE__BOOL 1
| #define AX_STRCASECMP_HEADER <strings.h>
| #define HAVE_PCRE2_H 1
| #define SIZEOF_SIZE_T 8
| #define SIZEOF_WCHAR_T 4
| #define _POSIX_C_SOURCE 200809L
| /* end confdefs.h.  */
| 
| int
| main (void)
| {
| 
|   ;
|   return 0;
| }
configure:17145: result: no
configure:17115: checking whether C compiler accepts -Wrestrict
configure:17135: afl-clang-lto -c -g -O2 -Werror=unknown-warning-option -Wrestrict  conftest.c >&5
error: unknown warning option '-Wrestrict' [-Werror,-Wunknown-warning-option]
configure:17135: $? = 1
configure: failed program was:
| /* confdefs.h */
| #define PACKAGE_NAME "LibreDWG"
| #define PACKAGE_TARNAME "libredwg"
| #define PACKAGE_VERSION "0.12.5.721_77a8"
| #define PACKAGE_STRING "LibreDWG 0.12.5.721_77a8"
| #define PACKAGE_BUGREPORT "libredwg@gnu.org"
| #define PACKAGE_URL "https://savannah.gnu.org/projects/libredwg/"
| #define HAVE_STDIO_H 1
| #define HAVE_STDLIB_H 1
| #define HAVE_STRING_H 1
| #define HAVE_INTTYPES_H 1
| #define HAVE_STDINT_H 1
| #define HAVE_STRINGS_H 1
| #define HAVE_SYS_STAT_H 1
| #define HAVE_SYS_TYPES_H 1
| #define HAVE_UNISTD_H 1
| #define STDC_HEADERS 1
| #define HAVE_DLFCN_H 1
| #define LT_OBJDIR ".libs/"
| #define restrict __restrict__
| #define HAVE_PCRE2_16 1
| #define HAVE_STDLIB_H 1
| #define HAVE_STRING_H 1
| #define HAVE_STDDEF_H 1
| #define HAVE_UNISTD_H 1
| #define HAVE_MALLOC_H 1
| #define HAVE_WCHAR_H 1
| #define HAVE_CTYPE_H 1
| #define HAVE_WCTYPE_H 1
| #define HAVE_FLOAT_H 1
| #define HAVE_LIMITS_H 1
| #define HAVE_SYS_PARAM_H 1
| #define HAVE_LIBGEN_H 1
| #define HAVE_GETOPT_H 1
| #define HAVE_ALLOCA_H 1
| #define HAVE_ENDIAN_H 1
| #define HAVE_BYTESWAP_H 1
| #define HAVE__BOOL 1
| #define AX_STRCASECMP_HEADER <strings.h>
| #define HAVE_PCRE2_H 1
| #define SIZEOF_SIZE_T 8
| #define SIZEOF_WCHAR_T 4
| #define _POSIX_C_SOURCE 200809L
| /* end confdefs.h.  */
| 
| int
| main (void)
| {
| 
|   ;
|   return 0;
| }
configure:17145: result: no
configure:17115: checking whether C compiler accepts -Wnull-dereference
configure:17135: afl-clang-lto -c -g -O2 -Werror=unknown-warning-option -Wnull-dereference  conftest.c >&5
configure:17135: $? = 0
configure:17145: result: yes
configure:17163: : WARN_CFLAGS="$WARN_CFLAGS"
configure:17166: $? = 0
configure:17115: checking whether C compiler accepts -Wdouble-promotion
configure:17135: afl-clang-lto -c -g -O2 -Werror=unknown-warning-option -Wdouble-promotion  conftest.c >&5
configure:17135: $? = 0
configure:17145: result: yes
configure:17163: : WARN_CFLAGS="$WARN_CFLAGS"
configure:17166: $? = 0
configure:17115: checking whether C compiler accepts -Wchar-subscripts
configure:17135: afl-clang-lto -c -g -O2 -Werror=unknown-warning-option -Wchar-subscripts  conftest.c >&5
configure:17135: $? = 0
configure:17145: result: yes
configure:17163: : WARN_CFLAGS="$WARN_CFLAGS"
configure:17166: $? = 0
configure:17196: checking whether C compiler accepts -Wnested-externs
configure:17216: afl-clang-lto -c -g -O2 -Werror=unknown-warning-option -Wnested-externs  conftest.c >&5
configure:17216: $? = 0
configure:17226: result: yes
configure:17244: : WARN_CFLAGS="$WARN_CFLAGS"
configure:17247: $? = 0
configure:17196: checking whether C compiler accepts -Wmissing-prototypes
configure:17216: afl-clang-lto -c -g -O2 -Werror=unknown-warning-option -Wmissing-prototypes  conftest.c >&5
configure:17216: $? = 0
configure:17226: result: yes
configure:17244: : WARN_CFLAGS="$WARN_CFLAGS"
configure:17247: $? = 0
configure:17196: checking whether C compiler accepts -Wstrict-prototypes
configure:17216: afl-clang-lto -c -g -O2 -Werror=unknown-warning-option -Wstrict-prototypes  conftest.c >&5
configure:17216: $? = 0
configure:17226: result: yes
configure:17244: : WARN_CFLAGS="$WARN_CFLAGS"
configure:17247: $? = 0
configure:17196: checking whether C compiler accepts -Wdeclaration-after-statement
configure:17216: afl-clang-lto -c -g -O2 -Werror=unknown-warning-option -Wdeclaration-after-statement  conftest.c >&5
configure:17216: $? = 0
configure:17226: result: yes
configure:17244: : WARN_CFLAGS="$WARN_CFLAGS"
configure:17247: $? = 0
configure:17196: checking whether C compiler accepts -Wimplicit-function-declaration
configure:17216: afl-clang-lto -c -g -O2 -Werror=unknown-warning-option -Wimplicit-function-declaration  conftest.c >&5
configure:17216: $? = 0
configure:17226: result: yes
configure:17244: : WARN_CFLAGS="$WARN_CFLAGS"
configure:17247: $? = 0
configure:17196: checking whether C compiler accepts -Wold-style-definition
configure:17216: afl-clang-lto -c -g -O2 -Werror=unknown-warning-option -Wold-style-definition  conftest.c >&5
configure:17216: $? = 0
configure:17226: result: yes
configure:17244: : WARN_CFLAGS="$WARN_CFLAGS"
configure:17247: $? = 0
configure:17196: checking whether C compiler accepts -Wjump-misses-init
configure:17216: afl-clang-lto -c -g -O2 -Werror=unknown-warning-option -Wjump-misses-init  conftest.c >&5
error: unknown warning option '-Wjump-misses-init' [-Werror,-Wunknown-warning-option]
configure:17216: $? = 1
configure: failed program was:
| /* confdefs.h */
| #define PACKAGE_NAME "LibreDWG"
| #define PACKAGE_TARNAME "libredwg"
| #define PACKAGE_VERSION "0.12.5.721_77a8"
| #define PACKAGE_STRING "LibreDWG 0.12.5.721_77a8"
| #define PACKAGE_BUGREPORT "libredwg@gnu.org"
| #define PACKAGE_URL "https://savannah.gnu.org/projects/libredwg/"
| #define HAVE_STDIO_H 1
| #define HAVE_STDLIB_H 1
| #define HAVE_STRING_H 1
| #define HAVE_INTTYPES_H 1
| #define HAVE_STDINT_H 1
| #define HAVE_STRINGS_H 1
| #define HAVE_SYS_STAT_H 1
| #define HAVE_SYS_TYPES_H 1
| #define HAVE_UNISTD_H 1
| #define STDC_HEADERS 1
| #define HAVE_DLFCN_H 1
| #define LT_OBJDIR ".libs/"
| #define restrict __restrict__
| #define HAVE_PCRE2_16 1
| #define HAVE_STDLIB_H 1
| #define HAVE_STRING_H 1
| #define HAVE_STDDEF_H 1
| #define HAVE_UNISTD_H 1
| #define HAVE_MALLOC_H 1
| #define HAVE_WCHAR_H 1
| #define HAVE_CTYPE_H 1
| #define HAVE_WCTYPE_H 1
| #define HAVE_FLOAT_H 1
| #define HAVE_LIMITS_H 1
| #define HAVE_SYS_PARAM_H 1
| #define HAVE_LIBGEN_H 1
| #define HAVE_GETOPT_H 1
| #define HAVE_ALLOCA_H 1
| #define HAVE_ENDIAN_H 1
| #define HAVE_BYTESWAP_H 1
| #define HAVE__BOOL 1
| #define AX_STRCASECMP_HEADER <strings.h>
| #define HAVE_PCRE2_H 1
| #define SIZEOF_SIZE_T 8
| #define SIZEOF_WCHAR_T 4
| #define _POSIX_C_SOURCE 200809L
| /* end confdefs.h.  */
| 
| int
| main (void)
| {
| 
|   ;
|   return 0;
| }
configure:17226: result: no
configure:17413: checking whether C compiler accepts -Wno-error=unused-variable
configure:17433: afl-clang-lto -c -g -O2 -Werror=unknown-warning-option -Wno-error=unused-variable  conftest.c >&5
configure:17433: $? = 0
configure:17443: result: yes
configure:17461: : WARN_CFLAGS="$WARN_CFLAGS"
configure:17464: $? = 0
configure:17413: checking whether C compiler accepts -Wno-error=unused-parameter
configure:17433: afl-clang-lto -c -g -O2 -Werror=unknown-warning-option -Wno-error=unused-parameter  conftest.c >&5
configure:17433: $? = 0
configure:17443: result: yes
configure:17461: : WARN_CFLAGS="$WARN_CFLAGS"
configure:17464: $? = 0
configure:17413: checking whether C compiler accepts -Wno-error=unused-but-set-variable
configure:17433: afl-clang-lto -c -g -O2 -Werror=unknown-warning-option -Wno-error=unused-but-set-variable  conftest.c >&5
configure:17433: $? = 0
configure:17443: result: yes
configure:17461: : WARN_CFLAGS="$WARN_CFLAGS"
configure:17464: $? = 0
configure:17413: checking whether C compiler accepts -Wno-error=missing-field-initializers
configure:17433: afl-clang-lto -c -g -O2 -Werror=unknown-warning-option -Wno-error=missing-field-initializers  conftest.c >&5
configure:17433: $? = 0
configure:17443: result: yes
configure:17461: : WARN_CFLAGS="$WARN_CFLAGS"
configure:17464: $? = 0
configure:17413: checking whether C compiler accepts -Wno-error=cast-align
configure:17433: afl-clang-lto -c -g -O2 -Werror=unknown-warning-option -Wno-error=cast-align  conftest.c >&5
configure:17433: $? = 0
configure:17443: result: yes
configure:17461: : WARN_CFLAGS="$WARN_CFLAGS"
configure:17464: $? = 0
configure:17521: checking whether C compiler accepts -Werror=unknown-warning-option
configure:17550: result: yes
configure:17564: checking whether the linker accepts -Wl,--as-needed
configure:17584: afl-clang-lto -o conftest -g -O2    -Wl,--as-needed conftest.c  >&5
configure:17584: $? = 0
configure:17594: result: yes
configure:17605: checking whether the linker accepts -Wl,--as-needed
configure:17625: afl-clang-lto -o conftest -g -O2   -Werror=unknown-warning-option -Wl,--as-needed conftest.c  >&5
configure:17625: $? = 0
configure:17636: result: yes
configure:17665: : AM_LDFLAGS="$AM_LDFLAGS"
configure:17668: $? = 0
configure:17684: checking whether the linker accepts -Wl,-z,relro
configure:17704: afl-clang-lto -o conftest -g -O2    -Wl,-z,relro conftest.c  >&5
configure:17704: $? = 0
configure:17714: result: yes
configure:17725: checking whether the linker accepts -Wl,-z,relro
configure:17745: afl-clang-lto -o conftest -g -O2   -Werror=unknown-warning-option -Wl,-z,relro conftest.c  >&5
configure:17745: $? = 0
configure:17756: result: yes
configure:17774: : AM_LDFLAGS="$AM_LDFLAGS"
configure:17777: $? = 0
configure:17804: checking whether the linker accepts -Wl,-z,now
configure:17824: afl-clang-lto -o conftest -g -O2    -Wl,-z,now conftest.c  >&5
configure:17824: $? = 0
configure:17834: result: yes
configure:17845: checking whether the linker accepts -Wl,-z,now
configure:17865: afl-clang-lto -o conftest -g -O2   -Werror=unknown-warning-option -Wl,-z,now conftest.c  >&5
configure:17865: $? = 0
configure:17876: result: yes
configure:17894: : AM_LDFLAGS="$AM_LDFLAGS"
configure:17897: $? = 0
configure:17924: checking whether the linker accepts -Wl,-z,noexecstack
configure:17944: afl-clang-lto -o conftest -g -O2    -Wl,-z,noexecstack conftest.c  >&5
configure:17944: $? = 0
configure:17954: result: yes
configure:17965: checking whether the linker accepts -Wl,-z,noexecstack
configure:17985: afl-clang-lto -o conftest -g -O2   -Werror=unknown-warning-option -Wl,-z,noexecstack conftest.c  >&5
configure:17985: $? = 0
configure:17996: result: yes
configure:18014: : AM_LDFLAGS="$AM_LDFLAGS"
configure:18017: $? = 0
configure:18047: checking whether the linker accepts -Wl,--no-as-needed
configure:18067: afl-clang-lto -o conftest -g -O2    -Wl,--no-as-needed conftest.c  >&5
configure:18067: $? = 0
configure:18077: result: yes
configure:18093: checking whether the linker accepts -Wl,--fatal-warnings
configure:18113: afl-clang-lto -o conftest -g -O2    -Wl,--fatal-warnings conftest.c  >&5
configure:18113: $? = 0
configure:18123: result: yes
configure:18134: checking whether the linker accepts -Wl,-fatal_warnings
configure:18154: afl-clang-lto -o conftest -g -O2    -Wl,-fatal_warnings conftest.c  >&5
ld.lld: error: unknown argument '-fatal_warnings', did you mean '-fatal-warnings'
clang: error: linker command failed with exit code 1 (use -v to see invocation)
configure:18154: $? = 1
configure: failed program was:
| /* confdefs.h */
| #define PACKAGE_NAME "LibreDWG"
| #define PACKAGE_TARNAME "libredwg"
| #define PACKAGE_VERSION "0.12.5.721_77a8"
| #define PACKAGE_STRING "LibreDWG 0.12.5.721_77a8"
| #define PACKAGE_BUGREPORT "libredwg@gnu.org"
| #define PACKAGE_URL "https://savannah.gnu.org/projects/libredwg/"
| #define HAVE_STDIO_H 1
| #define HAVE_STDLIB_H 1
| #define HAVE_STRING_H 1
| #define HAVE_INTTYPES_H 1
| #define HAVE_STDINT_H 1
| #define HAVE_STRINGS_H 1
| #define HAVE_SYS_STAT_H 1
| #define HAVE_SYS_TYPES_H 1
| #define HAVE_UNISTD_H 1
| #define STDC_HEADERS 1
| #define HAVE_DLFCN_H 1
| #define LT_OBJDIR ".libs/"
| #define restrict __restrict__
| #define HAVE_PCRE2_16 1
| #define HAVE_STDLIB_H 1
| #define HAVE_STRING_H 1
| #define HAVE_STDDEF_H 1
| #define HAVE_UNISTD_H 1
| #define HAVE_MALLOC_H 1
| #define HAVE_WCHAR_H 1
| #define HAVE_CTYPE_H 1
| #define HAVE_WCTYPE_H 1
| #define HAVE_FLOAT_H 1
| #define HAVE_LIMITS_H 1
| #define HAVE_SYS_PARAM_H 1
| #define HAVE_LIBGEN_H 1
| #define HAVE_GETOPT_H 1
| #define HAVE_ALLOCA_H 1
| #define HAVE_ENDIAN_H 1
| #define HAVE_BYTESWAP_H 1
| #define HAVE__BOOL 1
| #define AX_STRCASECMP_HEADER <strings.h>
| #define HAVE_PCRE2_H 1
| #define SIZEOF_SIZE_T 8
| #define SIZEOF_WCHAR_T 4
| #define _POSIX_C_SOURCE 200809L
| /* end confdefs.h.  */
| 
| int
| main (void)
| {
| 
|   ;
|   return 0;
| }
configure:18164: result: no
configure:18183: checking whether the linker accepts -Wl,--no-as-needed
configure:18203: afl-clang-lto -o conftest -g -O2   -Werror=unknown-warning-option -Wl,--no-as-needed conftest.c  >&5
configure:18203: $? = 0
configure:18214: result: yes
configure:18232: : AM_LDFLAGS="$AM_LDFLAGS"
configure:18235: $? = 0
configure:18471: : WARN_SCANNERFLAGS="$WARN_SCANNERFLAGS"
configure:18474: $? = 0
configure:18498: : WARN_SCANNERFLAGS="$WARN_SCANNERFLAGS"
configure:18501: $? = 0
configure:18565: checking for __attribute__((visibility("default")))
configure:18584: afl-clang-lto -c -g -O2  conftest.c >&5
configure:18584: $? = 0
configure:18591: result: yes
configure:18613: checking whether C compiler accepts -Werror
configure:18633: afl-clang-lto -c -g -O2  -Werror  conftest.c >&5
configure:18633: $? = 0
configure:18643: result: yes
configure:18661: : CFLAGS="$CFLAGS"
configure:18664: $? = 0
configure:18692: checking for __attribute__((gnu_format))
configure:18714: afl-clang-lto -o conftest -g -O2 -Werror   conftest.c  >&5
conftest.c:48:64: error: 'format' attribute argument not supported: gnu_printf [-Werror,-Wignored-attributes]
                    int foo(const char *p, ...) __attribute__((format(gnu_printf, 1, 2)));
                                                               ^
1 error generated.
configure:18714: $? = 1
configure: failed program was:
| /* confdefs.h */
| #define PACKAGE_NAME "LibreDWG"
| #define PACKAGE_TARNAME "libredwg"
| #define PACKAGE_VERSION "0.12.5.721_77a8"
| #define PACKAGE_STRING "LibreDWG 0.12.5.721_77a8"
| #define PACKAGE_BUGREPORT "libredwg@gnu.org"
| #define PACKAGE_URL "https://savannah.gnu.org/projects/libredwg/"
| #define HAVE_STDIO_H 1
| #define HAVE_STDLIB_H 1
| #define HAVE_STRING_H 1
| #define HAVE_INTTYPES_H 1
| #define HAVE_STDINT_H 1
| #define HAVE_STRINGS_H 1
| #define HAVE_SYS_STAT_H 1
| #define HAVE_SYS_TYPES_H 1
| #define HAVE_UNISTD_H 1
| #define STDC_HEADERS 1
| #define HAVE_DLFCN_H 1
| #define LT_OBJDIR ".libs/"
| #define restrict __restrict__
| #define HAVE_PCRE2_16 1
| #define HAVE_STDLIB_H 1
| #define HAVE_STRING_H 1
| #define HAVE_STDDEF_H 1
| #define HAVE_UNISTD_H 1
| #define HAVE_MALLOC_H 1
| #define HAVE_WCHAR_H 1
| #define HAVE_CTYPE_H 1
| #define HAVE_WCTYPE_H 1
| #define HAVE_FLOAT_H 1
| #define HAVE_LIMITS_H 1
| #define HAVE_SYS_PARAM_H 1
| #define HAVE_LIBGEN_H 1
| #define HAVE_GETOPT_H 1
| #define HAVE_ALLOCA_H 1
| #define HAVE_ENDIAN_H 1
| #define HAVE_BYTESWAP_H 1
| #define HAVE__BOOL 1
| #define AX_STRCASECMP_HEADER <strings.h>
| #define HAVE_PCRE2_H 1
| #define SIZEOF_SIZE_T 8
| #define SIZEOF_WCHAR_T 4
| #define _POSIX_C_SOURCE 200809L
| #define HAVE_ATTRIBUTE_VISIBILITY_DEFAULT 1
| /* end confdefs.h.  */
| 
| 
|                     int foo(const char *p, ...) __attribute__((format(gnu_printf, 1, 2)));
| 
| int
| main (void)
| {
| 
|   ;
|   return 0;
| }
| 
configure:18729: result: no
configure:18835: checking for __attribute__((ms_format))
configure:18857: afl-clang-lto -o conftest -g -O2 -Werror   conftest.c  >&5
conftest.c:48:64: error: 'format' attribute argument not supported: ms_printf [-Werror,-Wignored-attributes]
                    int foo(const char *p, ...) __attribute__((format(ms_printf, 1, 2)));
                                                               ^
1 error generated.
configure:18857: $? = 1
configure: failed program was:
| /* confdefs.h */
| #define PACKAGE_NAME "LibreDWG"
| #define PACKAGE_TARNAME "libredwg"
| #define PACKAGE_VERSION "0.12.5.721_77a8"
| #define PACKAGE_STRING "LibreDWG 0.12.5.721_77a8"
| #define PACKAGE_BUGREPORT "libredwg@gnu.org"
| #define PACKAGE_URL "https://savannah.gnu.org/projects/libredwg/"
| #define HAVE_STDIO_H 1
| #define HAVE_STDLIB_H 1
| #define HAVE_STRING_H 1
| #define HAVE_INTTYPES_H 1
| #define HAVE_STDINT_H 1
| #define HAVE_STRINGS_H 1
| #define HAVE_SYS_STAT_H 1
| #define HAVE_SYS_TYPES_H 1
| #define HAVE_UNISTD_H 1
| #define STDC_HEADERS 1
| #define HAVE_DLFCN_H 1
| #define LT_OBJDIR ".libs/"
| #define restrict __restrict__
| #define HAVE_PCRE2_16 1
| #define HAVE_STDLIB_H 1
| #define HAVE_STRING_H 1
| #define HAVE_STDDEF_H 1
| #define HAVE_UNISTD_H 1
| #define HAVE_MALLOC_H 1
| #define HAVE_WCHAR_H 1
| #define HAVE_CTYPE_H 1
| #define HAVE_WCTYPE_H 1
| #define HAVE_FLOAT_H 1
| #define HAVE_LIMITS_H 1
| #define HAVE_SYS_PARAM_H 1
| #define HAVE_LIBGEN_H 1
| #define HAVE_GETOPT_H 1
| #define HAVE_ALLOCA_H 1
| #define HAVE_ENDIAN_H 1
| #define HAVE_BYTESWAP_H 1
| #define HAVE__BOOL 1
| #define AX_STRCASECMP_HEADER <strings.h>
| #define HAVE_PCRE2_H 1
| #define SIZEOF_SIZE_T 8
| #define SIZEOF_WCHAR_T 4
| #define _POSIX_C_SOURCE 200809L
| #define HAVE_ATTRIBUTE_VISIBILITY_DEFAULT 1
| /* end confdefs.h.  */
| 
| 
|                     int foo(const char *p, ...) __attribute__((format(ms_printf, 1, 2)));
| 
| int
| main (void)
| {
| 
|   ;
|   return 0;
| }
| 
configure:18872: result: no
configure:18978: checking for __attribute__((format))
configure:19000: afl-clang-lto -o conftest -g -O2 -Werror   conftest.c  >&5
configure:19000: $? = 0
configure:19015: result: yes
configure:19121: checking for __attribute__((malloc))
configure:19143: afl-clang-lto -o conftest -g -O2 -Werror   conftest.c  >&5
configure:19143: $? = 0
configure:19158: result: yes
configure:19264: checking for __attribute__((returns_nonnull))
configure:19286: afl-clang-lto -o conftest -g -O2 -Werror   conftest.c  >&5
configure:19286: $? = 0
configure:19301: result: yes
configure:19407: checking for __attribute__((noreturn))
configure:19429: afl-clang-lto -o conftest -g -O2 -Werror   conftest.c  >&5
configure:19429: $? = 0
configure:19444: result: yes
configure:19480: checking for GNU libc compatible malloc
configure:19523: result: yes
configure:19545: checking for GNU libc compatible realloc
configure:19588: result: yes
configure:19610: checking whether lstat correctly handles trailing slash
configure:19643: afl-clang-lto -o conftest -g -O2   conftest.c  >&5
configure:19643: $? = 0
configure:19643: ./conftest
configure:19643: $? = 0
configure:19661: result: yes
configure:19678: checking whether stat accepts an empty string
configure:19700: afl-clang-lto -o conftest -g -O2   conftest.c  >&5
configure:19700: $? = 0
configure:19700: ./conftest
configure:19700: $? = 0
configure:19711: result: no
configure:19727: checking for working alloca.h
configure:19745: afl-clang-lto -o conftest -g -O2   conftest.c  >&5
configure:19745: $? = 0
configure:19754: result: yes
configure:19762: checking for alloca
configure:19807: result: yes
configure:19874: checking for strtod
configure:19874: afl-clang-lto -o conftest -g -O2   conftest.c  >&5
conftest.c:73:6: warning: incompatible redeclaration of library function 'strtod' [-Wincompatible-library-redeclaration]
char strtod ();
     ^
conftest.c:73:6: note: 'strtod' is a builtin with type 'double (const char *, char **)'
1 warning generated.
configure:19874: $? = 0
configure:19874: result: yes
configure:19882: checking for strdup
configure:19882: afl-clang-lto -o conftest -g -O2   conftest.c  >&5
conftest.c:73:6: warning: incompatible redeclaration of library function 'strdup' [-Wincompatible-library-redeclaration]
char strdup ();
     ^
conftest.c:73:6: note: 'strdup' is a builtin with type 'char *(const char *)'
1 warning generated.
configure:19882: $? = 0
configure:19882: result: yes
configure:19893: checking for getopt_long
configure:19893: afl-clang-lto -o conftest -g -O2   conftest.c  >&5
configure:19893: $? = 0
configure:19893: result: yes
configure:19907: checking for basename
configure:19907: afl-clang-lto -o conftest -g -O2   conftest.c  >&5
configure:19907: $? = 0
configure:19907: result: yes
configure:19921: checking for strcasestr
configure:19921: afl-clang-lto -o conftest -g -O2   conftest.c  >&5
configure:19921: $? = 0
configure:19921: result: yes
configure:19935: checking for scandir
configure:19935: afl-clang-lto -o conftest -g -O2   conftest.c  >&5
configure:19935: $? = 0
configure:19935: result: yes
configure:19946: checking for floor
configure:19946: afl-clang-lto -o conftest -g -O2   conftest.c  >&5
conftest.c:77:6: warning: incompatible redeclaration of library function 'floor' [-Wincompatible-library-redeclaration]
char floor ();
     ^
conftest.c:77:6: note: 'floor' is a builtin with type 'double (double)'
1 warning generated.
ld.lld: error: undefined symbol: floor
>>> referenced by conftest.c:88 (/src/conftest.c:88)
>>>               lto.tmp:(main)
clang: error: linker command failed with exit code 1 (use -v to see invocation)
configure:19946: $? = 1
configure: failed program was:
| /* confdefs.h */
| #define PACKAGE_NAME "LibreDWG"
| #define PACKAGE_TARNAME "libredwg"
| #define PACKAGE_VERSION "0.12.5.721_77a8"
| #define PACKAGE_STRING "LibreDWG 0.12.5.721_77a8"
| #define PACKAGE_BUGREPORT "libredwg@gnu.org"
| #define PACKAGE_URL "https://savannah.gnu.org/projects/libredwg/"
| #define HAVE_STDIO_H 1
| #define HAVE_STDLIB_H 1
| #define HAVE_STRING_H 1
| #define HAVE_INTTYPES_H 1
| #define HAVE_STDINT_H 1
| #define HAVE_STRINGS_H 1
| #define HAVE_SYS_STAT_H 1
| #define HAVE_SYS_TYPES_H 1
| #define HAVE_UNISTD_H 1
| #define STDC_HEADERS 1
| #define HAVE_DLFCN_H 1
| #define LT_OBJDIR ".libs/"
| #define restrict __restrict__
| #define HAVE_PCRE2_16 1
| #define HAVE_STDLIB_H 1
| #define HAVE_STRING_H 1
| #define HAVE_STDDEF_H 1
| #define HAVE_UNISTD_H 1
| #define HAVE_MALLOC_H 1
| #define HAVE_WCHAR_H 1
| #define HAVE_CTYPE_H 1
| #define HAVE_WCTYPE_H 1
| #define HAVE_FLOAT_H 1
| #define HAVE_LIMITS_H 1
| #define HAVE_SYS_PARAM_H 1
| #define HAVE_LIBGEN_H 1
| #define HAVE_GETOPT_H 1
| #define HAVE_ALLOCA_H 1
| #define HAVE_ENDIAN_H 1
| #define HAVE_BYTESWAP_H 1
| #define HAVE__BOOL 1
| #define AX_STRCASECMP_HEADER <strings.h>
| #define HAVE_PCRE2_H 1
| #define SIZEOF_SIZE_T 8
| #define SIZEOF_WCHAR_T 4
| #define _POSIX_C_SOURCE 200809L
| #define HAVE_ATTRIBUTE_VISIBILITY_DEFAULT 1
| #define HAVE_FUNC_ATTRIBUTE_FORMAT 1
| #define HAVE_FUNC_ATTRIBUTE_MALLOC 1
| #define HAVE_FUNC_ATTRIBUTE_RETURNS_NONNULL 1
| #define HAVE_FUNC_ATTRIBUTE_NORETURN 1
| #define HAVE_WFORMAT_Y2K 1
| #define HAVE_C99 1
| #define HAVE_MALLOC 1
| #define HAVE_REALLOC 1
| #define LSTAT_FOLLOWS_SLASHED_SYMLINK 1
| #define HAVE_ALLOCA_H 1
| #define HAVE_ALLOCA 1
| #define HAVE_GETOPT_LONG 1
| #define HAVE_BASENAME 1
| #define HAVE_STRCASESTR 1
| #define HAVE_SCANDIR 1
| /* end confdefs.h.  */
| /* Define floor to an innocuous variant, in case <limits.h> declares floor.
|    For example, HP-UX 11i <limits.h> declares gettimeofday.  */
| #define floor innocuous_floor
| 
| /* System header to define __stub macros and hopefully few prototypes,
|    which can conflict with char floor (); below.  */
| 
| #include <limits.h>
| #undef floor
| 
| /* Override any GCC internal prototype to avoid an error.
|    Use char because int might match the return type of a GCC
|    builtin and then its argument prototype would still apply.  */
| #ifdef __cplusplus
| extern "C"
| #endif
| char floor ();
| /* The GNU C library defines this for functions which it implements
|     to always fail with ENOSYS.  Some functions are actually named
|     something starting with __ and the normal name is an alias.  */
| #if defined __stub_floor || defined __stub___floor
| choke me
| #endif
| 
| int
| main (void)
| {
| return floor ();
|   ;
|   return 0;
| }
configure:19946: result: no
configure:19952: checking for sqrt
configure:19952: afl-clang-lto -o conftest -g -O2   conftest.c  >&5
conftest.c:77:6: warning: incompatible redeclaration of library function 'sqrt' [-Wincompatible-library-redeclaration]
char sqrt ();
     ^
conftest.c:77:6: note: 'sqrt' is a builtin with type 'double (double)'
1 warning generated.
ld.lld: error: undefined symbol: sqrt
>>> referenced by conftest.c:88 (/src/conftest.c:88)
>>>               lto.tmp:(main)
clang: error: linker command failed with exit code 1 (use -v to see invocation)
configure:19952: $? = 1
configure: failed program was:
| /* confdefs.h */
| #define PACKAGE_NAME "LibreDWG"
| #define PACKAGE_TARNAME "libredwg"
| #define PACKAGE_VERSION "0.12.5.721_77a8"
| #define PACKAGE_STRING "LibreDWG 0.12.5.721_77a8"
| #define PACKAGE_BUGREPORT "libredwg@gnu.org"
| #define PACKAGE_URL "https://savannah.gnu.org/projects/libredwg/"
| #define HAVE_STDIO_H 1
| #define HAVE_STDLIB_H 1
| #define HAVE_STRING_H 1
| #define HAVE_INTTYPES_H 1
| #define HAVE_STDINT_H 1
| #define HAVE_STRINGS_H 1
| #define HAVE_SYS_STAT_H 1
| #define HAVE_SYS_TYPES_H 1
| #define HAVE_UNISTD_H 1
| #define STDC_HEADERS 1
| #define HAVE_DLFCN_H 1
| #define LT_OBJDIR ".libs/"
| #define restrict __restrict__
| #define HAVE_PCRE2_16 1
| #define HAVE_STDLIB_H 1
| #define HAVE_STRING_H 1
| #define HAVE_STDDEF_H 1
| #define HAVE_UNISTD_H 1
| #define HAVE_MALLOC_H 1
| #define HAVE_WCHAR_H 1
| #define HAVE_CTYPE_H 1
| #define HAVE_WCTYPE_H 1
| #define HAVE_FLOAT_H 1
| #define HAVE_LIMITS_H 1
| #define HAVE_SYS_PARAM_H 1
| #define HAVE_LIBGEN_H 1
| #define HAVE_GETOPT_H 1
| #define HAVE_ALLOCA_H 1
| #define HAVE_ENDIAN_H 1
| #define HAVE_BYTESWAP_H 1
| #define HAVE__BOOL 1
| #define AX_STRCASECMP_HEADER <strings.h>
| #define HAVE_PCRE2_H 1
| #define SIZEOF_SIZE_T 8
| #define SIZEOF_WCHAR_T 4
| #define _POSIX_C_SOURCE 200809L
| #define HAVE_ATTRIBUTE_VISIBILITY_DEFAULT 1
| #define HAVE_FUNC_ATTRIBUTE_FORMAT 1
| #define HAVE_FUNC_ATTRIBUTE_MALLOC 1
| #define HAVE_FUNC_ATTRIBUTE_RETURNS_NONNULL 1
| #define HAVE_FUNC_ATTRIBUTE_NORETURN 1
| #define HAVE_WFORMAT_Y2K 1
| #define HAVE_C99 1
| #define HAVE_MALLOC 1
| #define HAVE_REALLOC 1
| #define LSTAT_FOLLOWS_SLASHED_SYMLINK 1
| #define HAVE_ALLOCA_H 1
| #define HAVE_ALLOCA 1
| #define HAVE_GETOPT_LONG 1
| #define HAVE_BASENAME 1
| #define HAVE_STRCASESTR 1
| #define HAVE_SCANDIR 1
| /* end confdefs.h.  */
| /* Define sqrt to an innocuous variant, in case <limits.h> declares sqrt.
|    For example, HP-UX 11i <limits.h> declares gettimeofday.  */
| #define sqrt innocuous_sqrt
| 
| /* System header to define __stub macros and hopefully few prototypes,
|    which can conflict with char sqrt (); below.  */
| 
| #include <limits.h>
| #undef sqrt
| 
| /* Override any GCC internal prototype to avoid an error.
|    Use char because int might match the return type of a GCC
|    builtin and then its argument prototype would still apply.  */
| #ifdef __cplusplus
| extern "C"
| #endif
| char sqrt ();
| /* The GNU C library defines this for functions which it implements
|     to always fail with ENOSYS.  Some functions are actually named
|     something starting with __ and the normal name is an alias.  */
| #if defined __stub_sqrt || defined __stub___sqrt
| choke me
| #endif
| 
| int
| main (void)
| {
| return sqrt ();
|   ;
|   return 0;
| }
configure:19952: result: no
configure:19959: checking for floor in -lm
configure:19982: afl-clang-lto -o conftest -g -O2   conftest.c -lm   >&5
conftest.c:65:6: warning: incompatible redeclaration of library function 'floor' [-Wincompatible-library-redeclaration]
char floor ();
     ^
conftest.c:65:6: note: 'floor' is a builtin with type 'double (double)'
1 warning generated.
configure:19982: $? = 0
configure:19992: result: yes
configure:20003: checking for sincos
configure:20003: afl-clang-lto -o conftest -g -O2   conftest.c -lm  >&5
configure:20003: $? = 0
configure:20003: result: yes
configure:20010: checking for memchr
configure:20010: afl-clang-lto -o conftest -g -O2   conftest.c -lm  >&5
conftest.c:79:6: warning: incompatible redeclaration of library function 'memchr' [-Wincompatible-library-redeclaration]
char memchr ();
     ^
conftest.c:79:6: note: 'memchr' is a builtin with type 'void *(const void *, int, unsigned long)'
1 warning generated.
configure:20010: $? = 0
configure:20010: result: yes
configure:20016: checking for memmove
configure:20016: afl-clang-lto -o conftest -g -O2   conftest.c -lm  >&5
conftest.c:80:6: warning: incompatible redeclaration of library function 'memmove' [-Wincompatible-library-redeclaration]
char memmove ();
     ^
conftest.c:80:6: note: 'memmove' is a builtin with type 'void *(void *, const void *, unsigned long)'
1 warning generated.
configure:20016: $? = 0
configure:20016: result: yes
configure:20022: checking for strcasecmp
configure:20022: afl-clang-lto -o conftest -g -O2   conftest.c -lm  >&5
configure:20022: $? = 0
configure:20022: result: yes
configure:20028: checking for strchr
configure:20028: afl-clang-lto -o conftest -g -O2   conftest.c -lm  >&5
conftest.c:82:6: warning: incompatible redeclaration of library function 'strchr' [-Wincompatible-library-redeclaration]
char strchr ();
     ^
conftest.c:82:6: note: 'strchr' is a builtin with type 'char *(const char *, int)'
1 warning generated.
configure:20028: $? = 0
configure:20028: result: yes
configure:20034: checking for strstr
configure:20034: afl-clang-lto -o conftest -g -O2   conftest.c -lm  >&5
configure:20034: $? = 0
configure:20034: result: yes
configure:20040: checking for strrchr
configure:20040: afl-clang-lto -o conftest -g -O2   conftest.c -lm  >&5
conftest.c:84:6: warning: incompatible redeclaration of library function 'strrchr' [-Wincompatible-library-redeclaration]
char strrchr ();
     ^
conftest.c:84:6: note: 'strrchr' is a builtin with type 'char *(const char *, int)'
1 warning generated.
configure:20040: $? = 0
configure:20040: result: yes
configure:20046: checking for strtol
configure:20046: afl-clang-lto -o conftest -g -O2   conftest.c -lm  >&5
conftest.c:85:6: warning: incompatible redeclaration of library function 'strtol' [-Wincompatible-library-redeclaration]
char strtol ();
     ^
conftest.c:85:6: note: 'strtol' is a builtin with type 'long (const char *, char **, int)'
1 warning generated.
configure:20046: $? = 0
configure:20046: result: yes
configure:20052: checking for strtoul
configure:20052: afl-clang-lto -o conftest -g -O2   conftest.c -lm  >&5
conftest.c:86:6: warning: incompatible redeclaration of library function 'strtoul' [-Wincompatible-library-redeclaration]
char strtoul ();
     ^
conftest.c:86:6: note: 'strtoul' is a builtin with type 'unsigned long (const char *, char **, int)'
1 warning generated.
configure:20052: $? = 0
configure:20052: result: yes
configure:20058: checking for strtoull
configure:20058: afl-clang-lto -o conftest -g -O2   conftest.c -lm  >&5
conftest.c:87:6: warning: incompatible redeclaration of library function 'strtoull' [-Wincompatible-library-redeclaration]
char strtoull ();
     ^
conftest.c:87:6: note: 'strtoull' is a builtin with type 'unsigned long long (const char *, char **, int)'
1 warning generated.
configure:20058: $? = 0
configure:20058: result: yes
configure:20064: checking for strnlen
configure:20064: afl-clang-lto -o conftest -g -O2   conftest.c -lm  >&5
configure:20064: $? = 0
configure:20064: result: yes
configure:20074: checking for memmem
configure:20074: afl-clang-lto -o conftest -g -O2   conftest.c -lm  >&5
configure:20074: $? = 0
configure:20074: result: yes
configure:20085: checking for gmtime_r
configure:20085: afl-clang-lto -o conftest -g -O2   conftest.c -lm  >&5
configure:20085: $? = 0
configure:20085: result: yes
configure:20092: checking for wcslen
configure:20092: afl-clang-lto -o conftest -g -O2   conftest.c -lm  >&5
conftest.c:91:6: warning: incompatible redeclaration of library function 'wcslen' [-Wincompatible-library-redeclaration]
char wcslen ();
     ^
conftest.c:91:6: note: 'wcslen' is a builtin with type 'unsigned long (const unsigned int *)'
1 warning generated.
configure:20092: $? = 0
configure:20092: result: yes
configure:20098: checking for wcsnlen
configure:20098: afl-clang-lto -o conftest -g -O2   conftest.c -lm  >&5
configure:20098: $? = 0
configure:20098: result: yes
configure:20104: checking for wcscpy
configure:20104: afl-clang-lto -o conftest -g -O2   conftest.c -lm  >&5
configure:20104: $? = 0
configure:20104: result: yes
configure:20110: checking for wcscmp
configure:20110: afl-clang-lto -o conftest -g -O2   conftest.c -lm  >&5
conftest.c:94:6: warning: incompatible redeclaration of library function 'wcscmp' [-Wincompatible-library-redeclaration]
char wcscmp ();
     ^
conftest.c:94:6: note: 'wcscmp' is a builtin with type 'int (const unsigned int *, const unsigned int *)'
1 warning generated.
configure:20110: $? = 0
configure:20110: result: yes
configure:20116: checking for wcsstr
configure:20116: afl-clang-lto -o conftest -g -O2   conftest.c -lm  >&5
configure:20116: $? = 0
configure:20116: result: yes
configure:20127: checking for sscanf_s
configure:20127: afl-clang-lto -o conftest -g -O2   conftest.c -lm  >&5
ld.lld: error: undefined symbol: sscanf_s
>>> referenced by conftest.c:108 (/src/conftest.c:108)
>>>               lto.tmp:(main)
clang: error: linker command failed with exit code 1 (use -v to see invocation)
configure:20127: $? = 1
configure: failed program was:
| /* confdefs.h */
| #define PACKAGE_NAME "LibreDWG"
| #define PACKAGE_TARNAME "libredwg"
| #define PACKAGE_VERSION "0.12.5.721_77a8"
| #define PACKAGE_STRING "LibreDWG 0.12.5.721_77a8"
| #define PACKAGE_BUGREPORT "libredwg@gnu.org"
| #define PACKAGE_URL "https://savannah.gnu.org/projects/libredwg/"
| #define HAVE_STDIO_H 1
| #define HAVE_STDLIB_H 1
| #define HAVE_STRING_H 1
| #define HAVE_INTTYPES_H 1
| #define HAVE_STDINT_H 1
| #define HAVE_STRINGS_H 1
| #define HAVE_SYS_STAT_H 1
| #define HAVE_SYS_TYPES_H 1
| #define HAVE_UNISTD_H 1
| #define STDC_HEADERS 1
| #define HAVE_DLFCN_H 1
| #define LT_OBJDIR ".libs/"
| #define restrict __restrict__
| #define HAVE_PCRE2_16 1
| #define HAVE_STDLIB_H 1
| #define HAVE_STRING_H 1
| #define HAVE_STDDEF_H 1
| #define HAVE_UNISTD_H 1
| #define HAVE_MALLOC_H 1
| #define HAVE_WCHAR_H 1
| #define HAVE_CTYPE_H 1
| #define HAVE_WCTYPE_H 1
| #define HAVE_FLOAT_H 1
| #define HAVE_LIMITS_H 1
| #define HAVE_SYS_PARAM_H 1
| #define HAVE_LIBGEN_H 1
| #define HAVE_GETOPT_H 1
| #define HAVE_ALLOCA_H 1
| #define HAVE_ENDIAN_H 1
| #define HAVE_BYTESWAP_H 1
| #define HAVE__BOOL 1
| #define AX_STRCASECMP_HEADER <strings.h>
| #define HAVE_PCRE2_H 1
| #define SIZEOF_SIZE_T 8
| #define SIZEOF_WCHAR_T 4
| #define _POSIX_C_SOURCE 200809L
| #define HAVE_ATTRIBUTE_VISIBILITY_DEFAULT 1
| #define HAVE_FUNC_ATTRIBUTE_FORMAT 1
| #define HAVE_FUNC_ATTRIBUTE_MALLOC 1
| #define HAVE_FUNC_ATTRIBUTE_RETURNS_NONNULL 1
| #define HAVE_FUNC_ATTRIBUTE_NORETURN 1
| #define HAVE_WFORMAT_Y2K 1
| #define HAVE_C99 1
| #define HAVE_MALLOC 1
| #define HAVE_REALLOC 1
| #define LSTAT_FOLLOWS_SLASHED_SYMLINK 1
| #define HAVE_ALLOCA_H 1
| #define HAVE_ALLOCA 1
| #define HAVE_GETOPT_LONG 1
| #define HAVE_BASENAME 1
| #define HAVE_STRCASESTR 1
| #define HAVE_SCANDIR 1
| #define HAVE_LIBM 1
| #define HAVE_SINCOS 1
| #define HAVE_MEMCHR 1
| #define HAVE_MEMMOVE 1
| #define HAVE_STRCASECMP 1
| #define HAVE_STRCHR 1
| #define HAVE_STRSTR 1
| #define HAVE_STRRCHR 1
| #define HAVE_STRTOL 1
| #define HAVE_STRTOUL 1
| #define HAVE_STRTOULL 1
| #define HAVE_STRNLEN 1
| #define HAVE_MEMMEM 1
| #define HAVE_GMTIME_R 1
| #define HAVE_WCSLEN 1
| #define HAVE_WCSNLEN 1
| #define HAVE_WCSCPY 1
| #define HAVE_WCSCMP 1
| #define HAVE_WCSSTR 1
| #define __STDC_WANT_LIB_EXT1__  1
| /* end confdefs.h.  */
| /* Define sscanf_s to an innocuous variant, in case <limits.h> declares sscanf_s.
|    For example, HP-UX 11i <limits.h> declares gettimeofday.  */
| #define sscanf_s innocuous_sscanf_s
| 
| /* System header to define __stub macros and hopefully few prototypes,
|    which can conflict with char sscanf_s (); below.  */
| 
| #include <limits.h>
| #undef sscanf_s
| 
| /* Override any GCC internal prototype to avoid an error.
|    Use char because int might match the return type of a GCC
|    builtin and then its argument prototype would still apply.  */
| #ifdef __cplusplus
| extern "C"
| #endif
| char sscanf_s ();
| /* The GNU C library defines this for functions which it implements
|     to always fail with ENOSYS.  Some functions are actually named
|     something starting with __ and the normal name is an alias.  */
| #if defined __stub_sscanf_s || defined __stub___sscanf_s
| choke me
| #endif
| 
| int
| main (void)
| {
| return sscanf_s ();
|   ;
|   return 0;
| }
configure:20127: result: no
configure:20133: WARNING: No secure sscanf_s found. dwgfuzz -add will produce false positives.
configure:20158: checking --enable-debug
configure:20174: result: no (default)
configure:20192: checking whether C compiler accepts -Werror
configure:20221: result: yes
configure:20231: checking whether to add -D_FORTIFY_SOURCE=3 to CPPFLAGS
configure:20252: afl-clang-lto -o conftest -g -O2 -Werror   conftest.c -lm  >&5
configure:20252: $? = 0
configure:20268: afl-clang-lto -o conftest -g -O2 -Werror   conftest.c -lm  >&5
configure:20268: $? = 0
configure:20271: result: yes
configure:20363: checking for C restrict usability
configure:20401: afl-clang-lto -o conftest -g -O2  -D_FORTIFY_SOURCE=3  conftest.c -lm  >&5
conftest.c:85:56: error: function definition is not allowed here
    void copy (int * restrict to, int * restrict from) {
                                                       ^
conftest.c:88:32: error: function definition is not allowed here
    void test (int *a, int *b) {
                               ^
conftest.c:93:17: error: function definition is not allowed here
    int main () {
                ^
3 errors generated.
configure:20401: $? = 1
configure: program exited with status 1
configure: failed program was:
| /* confdefs.h */
| #define PACKAGE_NAME "LibreDWG"
| #define PACKAGE_TARNAME "libredwg"
| #define PACKAGE_VERSION "0.12.5.721_77a8"
| #define PACKAGE_STRING "LibreDWG 0.12.5.721_77a8"
| #define PACKAGE_BUGREPORT "libredwg@gnu.org"
| #define PACKAGE_URL "https://savannah.gnu.org/projects/libredwg/"
| #define HAVE_STDIO_H 1
| #define HAVE_STDLIB_H 1
| #define HAVE_STRING_H 1
| #define HAVE_INTTYPES_H 1
| #define HAVE_STDINT_H 1
| #define HAVE_STRINGS_H 1
| #define HAVE_SYS_STAT_H 1
| #define HAVE_SYS_TYPES_H 1
| #define HAVE_UNISTD_H 1
| #define STDC_HEADERS 1
| #define HAVE_DLFCN_H 1
| #define LT_OBJDIR ".libs/"
| #define restrict __restrict__
| #define HAVE_PCRE2_16 1
| #define HAVE_STDLIB_H 1
| #define HAVE_STRING_H 1
| #define HAVE_STDDEF_H 1
| #define HAVE_UNISTD_H 1
| #define HAVE_MALLOC_H 1
| #define HAVE_WCHAR_H 1
| #define HAVE_CTYPE_H 1
| #define HAVE_WCTYPE_H 1
| #define HAVE_FLOAT_H 1
| #define HAVE_LIMITS_H 1
| #define HAVE_SYS_PARAM_H 1
| #define HAVE_LIBGEN_H 1
| #define HAVE_GETOPT_H 1
| #define HAVE_ALLOCA_H 1
| #define HAVE_ENDIAN_H 1
| #define HAVE_BYTESWAP_H 1
| #define HAVE__BOOL 1
| #define AX_STRCASECMP_HEADER <strings.h>
| #define HAVE_PCRE2_H 1
| #define SIZEOF_SIZE_T 8
| #define SIZEOF_WCHAR_T 4
| #define _POSIX_C_SOURCE 200809L
| #define HAVE_ATTRIBUTE_VISIBILITY_DEFAULT 1
| #define HAVE_FUNC_ATTRIBUTE_FORMAT 1
| #define HAVE_FUNC_ATTRIBUTE_MALLOC 1
| #define HAVE_FUNC_ATTRIBUTE_RETURNS_NONNULL 1
| #define HAVE_FUNC_ATTRIBUTE_NORETURN 1
| #define HAVE_WFORMAT_Y2K 1
| #define HAVE_C99 1
| #define HAVE_MALLOC 1
| #define HAVE_REALLOC 1
| #define LSTAT_FOLLOWS_SLASHED_SYMLINK 1
| #define HAVE_ALLOCA_H 1
| #define HAVE_ALLOCA 1
| #define HAVE_GETOPT_LONG 1
| #define HAVE_BASENAME 1
| #define HAVE_STRCASESTR 1
| #define HAVE_SCANDIR 1
| #define HAVE_LIBM 1
| #define HAVE_SINCOS 1
| #define HAVE_MEMCHR 1
| #define HAVE_MEMMOVE 1
| #define HAVE_STRCASECMP 1
| #define HAVE_STRCHR 1
| #define HAVE_STRSTR 1
| #define HAVE_STRRCHR 1
| #define HAVE_STRTOL 1
| #define HAVE_STRTOUL 1
| #define HAVE_STRTOULL 1
| #define HAVE_STRNLEN 1
| #define HAVE_MEMMEM 1
| #define HAVE_GMTIME_R 1
| #define HAVE_WCSLEN 1
| #define HAVE_WCSNLEN 1
| #define HAVE_WCSCPY 1
| #define HAVE_WCSCMP 1
| #define HAVE_WCSSTR 1
| /* end confdefs.h.  */
| 
| int
| main (void)
| {
| 
|     void copy (int * restrict to, int * restrict from) {
|     	*to = *from;
|     }
|     void test (int *a, int *b) {
|     	for (int i = 0; i < 4; i++) {
|     	    copy (&b[i & 1], &a[i & 1]);
|     	}
|     }
|     int main () {
|     	int ary[] = {0, 1, 2};
|     	test (&ary[1], &ary[0]);
|     	/* printf("%d %d %d\n", ary[0], ary[1], ary[2]);
|             2 2 2 is correct
|             1 2 2 wrong */
|     	return ary[0] == 2 ? 0 : 1;
|     }
| 
|   ;
|   return 0;
| }
configure:20412: result: 
configure:20416: result: no
configure:20427: checking --disable-write
configure:20452: result: no (default)
configure:20461: checking --enable-trace
configure:20472: result: no (default)
configure:20480: checking for setenv
configure:20480: afl-clang-lto -o conftest -g -O2  -D_FORTIFY_SOURCE=3  conftest.c -lm  >&5
conftest.c:79:9: warning: 'restrict' macro redefined [-Wmacro-redefined]
#define restrict 
        ^
conftest.c:20:9: note: previous definition is here
#define restrict __restrict__
        ^
1 warning generated.
configure:20480: $? = 0
configure:20480: result: yes
configure:20501: checking --disable-dxf
configure:20524: result: yes
configure:20531: checking --disable-json
configure:20556: result: yes
configure:20563: checking --disable-bindings
configure:20586: result: yes
configure:20593: checking for --enable-mimalloc
configure:20615: result: no mimalloc headers found
configure:20627: checking for --enable-gcov
configure:20654: result: no (default)
configure:20670: checking for gperf
configure:20705: result: no
configure:20742: checking for latest clang-format
configure:20759: result: echo
configure:20763: checking for latest clang-tidy
configure:20776: result: echo
configure:20886: checking for --disable-python
configure:20900: result: check (default)
configure:22305: WARNING: disabled swig bindings
configure:22732: checking for python
configure:22755: found /usr/bin/python
configure:22767: result: /usr/bin/python
configure:22787: checking for python version
configure:22795: result: 3.10
configure:22800: checking for python platform
configure:22808: result: linux
configure:22869: checking for GNU default python prefix
configure:22871: result: ${prefix}
configure:22937: checking for GNU default python exec_prefix
configure:22939: result: ${exec_prefix}
configure:22970: checking for python script directory (pythondir)
configure:23012: result: ${PYTHON_PREFIX}/lib/python3.10/site-packages
configure:23020: checking for python extension module directory (pyexecdir)
configure:23062: result: ${PYTHON_EXEC_PREFIX}/lib/python3.10/site-packages
configure:23079: checking for the libxml2 Python package
configure:23088: result: no
configure:23090: WARNING: disable test/xmlsuite.
The import error was:
Traceback (most recent call last):
  File "<string>", line 1, in <module>
ModuleNotFoundError: No module named 'libxml2'
configure:23121: checking for perl
configure:23144: found /usr/bin/perl
configure:23156: result: /usr/bin/perl
configure:23165: checking PERL version
configure:23168: result: v5.34.0
configure:23170: /usr/bin/perl -V:cc
cc='aarch64-linux-gnu-gcc';
configure:23173: $? = 0
configure:23260: checking for cppcheck
configure:23295: result: no
configure:23323: checking for picat
configure:23358: result: no
configure:23386: checking for parallel
configure:23421: result: no
configure:23460: checking for timeout
configure:23481: found /usr/bin/timeout
configure:23492: result: timeout
configure:23504: checking TIMEOUT version
configure:23507: result: 8.32
configure:23581: checking for makeinfo
configure:23613: result: ${SHELL} '/src/build-aux/missing' makeinfo
configure:23627: checking MAKEINFO version
configure:23631: result: 
configure:23654: checking for doxygen
configure:23689: result: no
configure:23717: checking for jq
configure:23752: result: no
configure:23788: checking for shellcheck
configure:23823: result: no
configure:23843: checking for shfmt
configure:23878: result: no
configure:23899: checking for rpmlint
configure:23934: result: no
configure:23954: checking for geojsonhint
configure:23989: result: no
configure:24002: checking for gjv
configure:24037: result: no
configure:24055: checking for jing
configure:24090: result: no
configure:24200: checking for valgrind
configure:24235: result: no
configure:24819: checking that generated files are newer than configure
configure:24825: result: done
configure:25001: creating ./config.status

## ---------------------- ##
## Running config.status. ##
## ---------------------- ##

This file was extended by LibreDWG config.status 0.12.5.721_77a8, which was
generated by GNU Autoconf 2.71.  Invocation command line was

  CONFIG_FILES    = 
  CONFIG_HEADERS  = 
  CONFIG_LINKS    = 
  CONFIG_COMMANDS = 
  $ ./config.status 

on 27458ad91b7b

config.status:1419: creating Makefile
config.status:1419: creating src/Makefile
config.status:1419: creating doc/Makefile
config.status:1419: creating programs/Makefile
config.status:1419: creating examples/Makefile
config.status:1419: creating bindings/Makefile
config.status:1419: creating bindings/python/Makefile
config.status:1419: creating test/Makefile
config.status:1419: creating test/xmlsuite/Makefile
config.status:1419: creating test/unit-testing/Makefile
config.status:1419: creating libredwg.pc
config.status:1419: creating bindings/perl/Makefile.PL
config.status:1419: creating programs/dwgfilter
config.status:1419: creating programs/alive.test
config.status:1419: creating programs/dxf.test
config.status:1419: creating programs/json.test
config.status:1419: creating programs/svg.test
config.status:1419: creating examples/dwgadd_test.sh
config.status:1419: creating logs-all.sh
config.status:1419: creating log
config.status:1419: creating dwg
config.status:1419: creating dxf
config.status:1419: creating json
config.status:1419: creating svg
config.status:1419: creating rw
config.status:1419: creating dynapi_test_all.sh
config.status:1419: creating unit_testing_all.sh
config.status:1419: creating src/config.h
config.status:1648: executing depfiles commands
config.status:1725: cd src       && sed -e '/# am--include-marker/d' Makefile         | make -f - am--depfiles
config.status:1730: $? = 0
config.status:1725: cd programs       && sed -e '/# am--include-marker/d' Makefile         | make -f - am--depfiles
config.status:1730: $? = 0
config.status:1725: cd examples       && sed -e '/# am--include-marker/d' Makefile         | make -f - am--depfiles
config.status:1730: $? = 0
config.status:1725: cd bindings/python       && sed -e '/# am--include-marker/d' Makefile         | make -f - am--depfiles
config.status:1730: $? = 0
config.status:1725: cd test/xmlsuite       && sed -e '/# am--include-marker/d' Makefile         | make -f - am--depfiles
config.status:1730: $? = 0
config.status:1725: cd test/unit-testing       && sed -e '/# am--include-marker/d' Makefile         | make -f - am--depfiles
config.status:1730: $? = 0
config.status:1648: executing libtool commands

## ---------------- ##
## Cache variables. ##
## ---------------- ##

ac_cv_attribute_visibility_default=yes
ac_cv_build=aarch64-unknown-linux-gnu
ac_cv_c_bigendian=no
ac_cv_c_compiler_gnu=yes
ac_cv_c_inline=inline
ac_cv_c_int16_t=yes
ac_cv_c_int32_t=yes
ac_cv_c_int64_t=yes
ac_cv_c_restrict=__restrict__
ac_cv_c_uint16_t=yes
ac_cv_c_uint32_t=yes
ac_cv_c_uint64_t=yes
ac_cv_env_CC_set=set
ac_cv_env_CC_value=afl-clang-lto
ac_cv_env_CFLAGS_set=
ac_cv_env_CFLAGS_value=
ac_cv_env_CPPFLAGS_set=
ac_cv_env_CPPFLAGS_value=
ac_cv_env_LDFLAGS_set=
ac_cv_env_LDFLAGS_value=
ac_cv_env_LIBS_set=
ac_cv_env_LIBS_value=
ac_cv_env_LT_SYS_LIBRARY_PATH_set=
ac_cv_env_LT_SYS_LIBRARY_PATH_value=
ac_cv_env_PKG_CONFIG_LIBDIR_set=
ac_cv_env_PKG_CONFIG_LIBDIR_value=
ac_cv_env_PKG_CONFIG_PATH_set=
ac_cv_env_PKG_CONFIG_PATH_value=
ac_cv_env_PKG_CONFIG_set=
ac_cv_env_PKG_CONFIG_value=
ac_cv_env_PYTHON_VERSION_set=
ac_cv_env_PYTHON_VERSION_value=
ac_cv_env_PYTHON_set=
ac_cv_env_PYTHON_value=
ac_cv_env_build_alias_set=
ac_cv_env_build_alias_value=
ac_cv_env_host_alias_set=
ac_cv_env_host_alias_value=
ac_cv_env_target_alias_set=
ac_cv_env_target_alias_value=
ac_cv_func_alloca_works=yes
ac_cv_func_basename=yes
ac_cv_func_floor=no
ac_cv_func_getopt_long=yes
ac_cv_func_gmtime_r=yes
ac_cv_func_lstat_dereferences_slashed_symlink=yes
ac_cv_func_malloc_0_nonnull=yes
ac_cv_func_memchr=yes
ac_cv_func_memmem=yes
ac_cv_func_memmove=yes
ac_cv_func_realloc_0_nonnull=yes
ac_cv_func_scandir=yes
ac_cv_func_setenv=yes
ac_cv_func_sincos=yes
ac_cv_func_sqrt=no
ac_cv_func_sscanf_s=no
ac_cv_func_stat_empty_string_bug=no
ac_cv_func_strcasecmp=yes
ac_cv_func_strcasestr=yes
ac_cv_func_strchr=yes
ac_cv_func_strdup=yes
ac_cv_func_strnlen=yes
ac_cv_func_strrchr=yes
ac_cv_func_strstr=yes
ac_cv_func_strtod=yes
ac_cv_func_strtol=yes
ac_cv_func_strtoul=yes
ac_cv_func_strtoull=yes
ac_cv_func_wcscmp=yes
ac_cv_func_wcscpy=yes
ac_cv_func_wcslen=yes
ac_cv_func_wcsnlen=yes
ac_cv_func_wcsstr=yes
ac_cv_header_alloca_h=yes
ac_cv_header_byteorder_h=no
ac_cv_header_byteswap_h=yes
ac_cv_header_ctype_h=yes
ac_cv_header_direct_h=no
ac_cv_header_dlfcn_h=yes
ac_cv_header_endian_h=yes
ac_cv_header_float_h=yes
ac_cv_header_getopt_h=yes
ac_cv_header_inttypes_h=yes
ac_cv_header_libgen_h=yes
ac_cv_header_limits_h=yes
ac_cv_header_malloc_h=yes
ac_cv_header_mimalloc_override_h=no
ac_cv_header_pcre2_h=yes
ac_cv_header_stdbool_h=yes
ac_cv_header_stddef_h=yes
ac_cv_header_stdint_h=yes
ac_cv_header_stdio_h=yes
ac_cv_header_stdlib_h=yes
ac_cv_header_string_h=yes
ac_cv_header_strings_h=yes
ac_cv_header_sys_param_h=yes
ac_cv_header_sys_stat_h=yes
ac_cv_header_sys_types_h=yes
ac_cv_header_unistd_h=yes
ac_cv_header_valgrind_valgrind_h=no
ac_cv_header_wchar_h=yes
ac_cv_header_wctype_h=yes
ac_cv_host=aarch64-unknown-linux-gnu
ac_cv_lib_m_floor=yes
ac_cv_lib_pcre2_16_pcre2_config_16=yes
ac_cv_lib_pcre2_8_pcre2_config_8=yes
ac_cv_lib_ps_PS_open_file=no
ac_cv_lib_xml2_newXMLEntity=no
ac_cv_objext=o
ac_cv_path_EGREP='/usr/bin/grep -E'
ac_cv_path_FGREP='/usr/bin/grep -F'
ac_cv_path_GREP=/usr/bin/grep
ac_cv_path_PERL=/usr/bin/perl
ac_cv_path_PYTHON=/usr/bin/python
ac_cv_path_SED=/usr/bin/sed
ac_cv_path_ac_pt_PKG_CONFIG=/usr/bin/pkg-config
ac_cv_path_install='/usr/bin/install -c'
ac_cv_path_lt_DD=/usr/bin/dd
ac_cv_path_mkdir=/usr/bin/mkdir
ac_cv_perl=perl
ac_cv_prog_AWK=mawk
ac_cv_prog_BASH=/bin/bash
ac_cv_prog_MAKEINFO='${SHELL} '\''/src/build-aux/missing'\'' makeinfo'
ac_cv_prog_TIMEOUT=timeout
ac_cv_prog_ac_ct_AR=ar
ac_cv_prog_ac_ct_CC=afl-clang-lto
ac_cv_prog_ac_ct_OBJDUMP=objdump
ac_cv_prog_ac_ct_RANLIB=ranlib
ac_cv_prog_ac_ct_STRIP=strip
ac_cv_prog_cc_c11=
ac_cv_prog_cc_g=yes
ac_cv_prog_cc_stdc=
ac_cv_prog_make_make_set=yes
ac_cv_sizeof_size_t=8
ac_cv_sizeof_wchar_t=4
ac_cv_type__Bool=yes
ac_cv_type_size_t=yes
ac_cv_working_alloca_h=yes
am_cv_CC_dependencies_compiler_type=gcc3
am_cv_make_support_nested_variables=yes
am_cv_prog_cc_c_o=yes
am_cv_python_platform=linux
am_cv_python_pyexecdir='${PYTHON_EXEC_PREFIX}/lib/python3.10/site-packages'
am_cv_python_pythondir='${PYTHON_PREFIX}/lib/python3.10/site-packages'
am_cv_python_version=3.10
ax_cv_c_restrict_usable=
ax_cv_check_cflags__Wall=yes
ax_cv_check_cflags__Warray_bounds=yes
ax_cv_check_cflags__Wchar_subscripts=yes
ax_cv_check_cflags__Wdeclaration_after_statement=yes
ax_cv_check_cflags__Wdouble_promotion=yes
ax_cv_check_cflags__Wduplicated_branches=no
ax_cv_check_cflags__Wduplicated_cond=no
ax_cv_check_cflags__Wextra=yes
ax_cv_check_cflags__Wformat_2=yes
ax_cv_check_cflags__Wformat_nonliteral=yes
ax_cv_check_cflags__Wformat_security=yes
ax_cv_check_cflags__Wformat_y2k=yes
ax_cv_check_cflags__Wimplicit_function_declaration=yes
ax_cv_check_cflags__Winit_self=yes
ax_cv_check_cflags__Winline=yes
ax_cv_check_cflags__Wjump_misses_init=no
ax_cv_check_cflags__Wlogical_op=no
ax_cv_check_cflags__Wmissing_declarations=yes
ax_cv_check_cflags__Wmissing_format_attribute=yes
ax_cv_check_cflags__Wmissing_include_dirs=yes
ax_cv_check_cflags__Wmissing_noreturn=yes
ax_cv_check_cflags__Wmissing_prototypes=yes
ax_cv_check_cflags__Wnested_externs=yes
ax_cv_check_cflags__Wno_cast_align=yes
ax_cv_check_cflags__Wno_error_cast_align=yes
ax_cv_check_cflags__Wno_error_missing_field_initializers=yes
ax_cv_check_cflags__Wno_error_unused_but_set_variable=yes
ax_cv_check_cflags__Wno_error_unused_parameter=yes
ax_cv_check_cflags__Wno_error_unused_variable=yes
ax_cv_check_cflags__Wno_missing_field_initializers=yes
ax_cv_check_cflags__Wno_unused_but_set_variable=yes
ax_cv_check_cflags__Wno_unused_parameter=yes
ax_cv_check_cflags__Wno_unused_variable=yes
ax_cv_check_cflags__Wnull_dereference=yes
ax_cv_check_cflags__Wold_style_definition=yes
ax_cv_check_cflags__Wpacked=yes
ax_cv_check_cflags__Wpointer_arith=yes
ax_cv_check_cflags__Wredundant_decls=yes
ax_cv_check_cflags__Wrestrict=no
ax_cv_check_cflags__Wreturn_type=yes
ax_cv_check_cflags__Wshadow=yes
ax_cv_check_cflags__Wsign_compare=yes
ax_cv_check_cflags__Wstrict_aliasing=yes
ax_cv_check_cflags__Wstrict_prototypes=yes
ax_cv_check_cflags__Wswitch_default=yes
ax_cv_check_cflags__Wswitch_enum=no
ax_cv_check_cflags__Wundef=yes
ax_cv_check_cflags__Wwrite_strings=yes
ax_cv_check_cflags___Werror=yes
ax_cv_check_cflags___Werror_unknown_warning_option=yes
ax_cv_check_cflags___Wsuggest_attribute_format=no
ax_cv_check_cflags__fno_common=yes
ax_cv_check_cflags__fno_delete_null_pointer_checks=yes
ax_cv_check_cflags__fno_strict_aliasing=yes
ax_cv_check_cflags__fno_strict_overflow=yes
ax_cv_check_cflags__fvisibility_hidden=yes
ax_cv_check_cflags__mretpoline__DRETPOLINE=yes
ax_cv_check_ldflags__Wl___as_needed=yes
ax_cv_check_ldflags__Wl___no_as_needed=yes
ax_cv_check_ldflags__Wl__z_noexecstack=yes
ax_cv_check_ldflags__Wl__z_now=yes
ax_cv_check_ldflags__Wl__z_relro=yes
ax_cv_check_ldflags___Wl___as_needed=yes
ax_cv_check_ldflags___Wl___fatal_warnings=yes
ax_cv_check_ldflags___Wl___no_as_needed=yes
ax_cv_check_ldflags___Wl__fatal_warnings=no
ax_cv_check_ldflags___Wl__z_noexecstack=yes
ax_cv_check_ldflags___Wl__z_now=yes
ax_cv_check_ldflags___Wl__z_relro=yes
ax_cv_have_aligned_access_required=no
ax_cv_have_func_attribute_format=yes
ax_cv_have_func_attribute_gnu_format=no
ax_cv_have_func_attribute_malloc=yes
ax_cv_have_func_attribute_ms_format=no
ax_cv_have_func_attribute_noreturn=yes
ax_cv_have_func_attribute_returns_nonnull=yes
ax_cv_include_strcasecmp_found='<strings.h>'
lt_cv_ar_at_file=@
lt_cv_deplibs_check_method=pass_all
lt_cv_file_magic_cmd='$MAGIC_CMD'
lt_cv_file_magic_test_file=
lt_cv_ld_reload_flag=-r
lt_cv_nm_interface='BSD nm'
lt_cv_objdir=.libs
lt_cv_path_LD=/usr/bin/ld
lt_cv_path_NM='/usr/bin/nm -B'
lt_cv_path_mainfest_tool=no
lt_cv_prog_compiler_c_o=yes
lt_cv_prog_compiler_pic='-fPIC -DPIC'
lt_cv_prog_compiler_pic_works=yes
lt_cv_prog_compiler_rtti_exceptions=yes
lt_cv_prog_compiler_static_works=yes
lt_cv_prog_gnu_ld=yes
lt_cv_sharedlib_from_linklib_cmd='printf %s\n'
lt_cv_shlibpath_overrides_runpath=yes
lt_cv_sys_global_symbol_pipe='sed -n -e '\''s/^.*[	 ]\([ABCDGIRSTW][ABCDGIRSTW]*\)[	 ][	 ]*\([_A-Za-z][_A-Za-z0-9]*\)$/\1 \2 \2/p'\'' | sed '\''/ __gnu_lto/d'\'''
lt_cv_sys_global_symbol_to_c_name_address='sed -n -e '\''s/^: \(.*\) .*$/  {"\1", (void *) 0},/p'\'' -e '\''s/^[ABCDGIRSTW][ABCDGIRSTW]* .* \(.*\)$/  {"\1", (void *) \&\1},/p'\'''
lt_cv_sys_global_symbol_to_c_name_address_lib_prefix='sed -n -e '\''s/^: \(.*\) .*$/  {"\1", (void *) 0},/p'\'' -e '\''s/^[ABCDGIRSTW][ABCDGIRSTW]* .* \(lib.*\)$/  {"\1", (void *) \&\1},/p'\'' -e '\''s/^[ABCDGIRSTW][ABCDGIRSTW]* .* \(.*\)$/  {"lib\1", (void *) \&\1},/p'\'''
lt_cv_sys_global_symbol_to_cdecl='sed -n -e '\''s/^T .* \(.*\)$/extern int \1();/p'\'' -e '\''s/^[ABCDGIRSTW][ABCDGIRSTW]* .* \(.*\)$/extern char \1;/p'\'''
lt_cv_sys_global_symbol_to_import=
lt_cv_sys_max_cmd_len=1572864
lt_cv_to_host_file_cmd=func_convert_file_noop
lt_cv_to_tool_file_cmd=func_convert_file_noop
lt_cv_truncate_bin='/usr/bin/dd bs=4096 count=1'

## ----------------- ##
## Output variables. ##
## ----------------- ##














		$(foreach tool, $(valgrind_enabled_tools), check-valgrind-$(tool))
		LOG_COMPILER="$$(VALGRIND_LOG_COMPILER)" \
		LOG_FLAGS="$$(valgrind_$(1)_flags)" \
		TESTS_ENVIRONMENT="$$(VALGRIND_TESTS_ENVIRONMENT)" \
		TEST_SUITE_LOG=test-suite-$(1).log
	$$(valgrind_v_use)$$(MAKE) check-TESTS \
	$(AM_V_at)$(MAKE) $(AM_MAKEFLAGS) -k \
	$(TESTS_ENVIRONMENT) \
	$(VALGRIND) $(VALGRIND_SUPPRESSIONS) --error-exitcode=1 $(VALGRIND_FLAGS)
	$(valgrind_lt) \
	@echo "Need to reconfigure with --enable-valgrind"
	@echo "Need to reconfigure with --enable-valgrind"
	@echo "Need to reconfigure with --enable-valgrind-$(1)"
	G_DEBUG=fatal-warnings,fatal-criticals,gc-friendly
	G_SLICE=always-malloc,debug-blocks \
	env VALGRIND=$(VALGRIND) \
#
#    (Default: --num-callers=30)
#    files to load. (Default: empty)
#    memcheck, helgrind, drd, sgcheck). (Default: various)
#  - VALGRIND_$toolname_FLAGS: Flags to pass to Valgrind $toolname (one of:
#  - VALGRIND_FLAGS: General flags to pass to all Valgrind tools.
#  - VALGRIND_SUPPRESSIONS_FILES: Space-separated list of Valgrind suppressions
# Internal use
# Optional variables
# Optional:
# Support running with and without libtool.
# Use recursive makes in order to ignore errors during check
# Valgrind check
# Valgrind running
$(foreach tool,$(valgrind_tools),$(eval $(call valgrind_tool_rule,$(tool))))
'
.PHONY: check-valgrind $(addprefix check-valgrind-,$(valgrind_tools))
ACLOCAL='${SHELL} '\''/src/build-aux/missing'\'' aclocal-1.16'
ALLOCA=''
AMDEPBACKSLASH='\'
AMDEP_FALSE='#'
AMDEP_TRUE=''
AMTAR='$${TAR-tar}'
AM_BACKSLASH='\'
AM_DEFAULT_V='$(AM_DEFAULT_VERBOSITY)'
AM_DEFAULT_VERBOSITY='0'
AM_DISTCHECK_CONFIGURE_FLAGS += --disable-valgrind
AM_DISTCHECK_CONFIGURE_FLAGS ?=
AM_LDFLAGS='-Wl,--as-needed -Wl,-z,relro -Wl,-z,now -Wl,-z,noexecstack -Wl,--no-as-needed'
AM_V='$(V)'
AR='ar'
AUTOCONF='${SHELL} '\''/src/build-aux/missing'\'' autoconf'
AUTOHEADER='${SHELL} '\''/src/build-aux/missing'\'' autoheader'
AUTOMAKE='${SHELL} '\''/src/build-aux/missing'\'' automake-1.16'
AWK='mawk'
AX_SWIG_PYTHON_CPPFLAGS=''
AX_SWIG_PYTHON_OPT=''
BASH='/bin/bash'
CC='afl-clang-lto'
CCDEPMODE='depmode=gcc3'
CFLAGS='-g -O2'
CLANG_FORMAT='echo'
CLANG_TIDY='echo'
CPPCHECK=''
CPPFLAGS=' -D_FORTIFY_SOURCE=3'
CSCOPE='cscope'
CTAGS='ctags'
CYGPATH_W='echo'
DEBUG_CLASSES='0'
DEFS='-DHAVE_CONFIG_H'
DEPDIR='.deps'
DISABLE_BINDINGS_FALSE='#'
DISABLE_BINDINGS_TRUE=''
DISABLE_DXF_FALSE='#'
DISABLE_DXF_TRUE=''
DISABLE_JSON='1'
DISABLE_JSON_FALSE='#'
DISABLE_JSON_TRUE=''
DISABLE_WRITE='0'
DLLTOOL='false'
DOXYGEN=''
DSYMUTIL='#'
DUMPBIN=''
ECHO_C=''
ECHO_N='-n'
ECHO_T=''
EGREP='/usr/bin/grep -E'
ENABLE_DEBUG_FALSE=''
ENABLE_DEBUG_TRUE='#'
ENABLE_GCOV_FALSE=''
ENABLE_GCOV_TRUE='#'
ENABLE_MIMALLOC_FALSE=''
ENABLE_MIMALLOC_TRUE='#'
ENABLE_SHARED_FALSE=''
ENABLE_SHARED_TRUE='#'
ENABLE_VALGRIND_drd='no'
ENABLE_VALGRIND_helgrind='no'
ENABLE_VALGRIND_memcheck='no'
ENABLE_VALGRIND_sgcheck='no'
ETAGS='etags'
EXEEXT=''
FGREP='/usr/bin/grep -F'
GCOV=''
GCOV_CFLAGS=''
GCOV_LIBS=''
GEOJSONHINT=''
GEOJSONLINT=''
GJV=''
GPERF=''
GPERF_VERSION=''
GREP='/usr/bin/grep'
HAVE_ASAN=''
HAVE_ASAN_FALSE=''
HAVE_ASAN_OR_LINUX_FALSE='#'
HAVE_ASAN_OR_LINUX_TRUE=''
HAVE_ASAN_TRUE='#'
HAVE_C99=''
HAVE_CPPCHECK_FALSE=''
HAVE_CPPCHECK_TRUE='#'
HAVE_CYGWIN_FALSE='#'
HAVE_CYGWIN_TRUE=''
HAVE_DOXYGEN_FALSE=''
HAVE_DOXYGEN_TRUE='#'
HAVE_GPERF_FALSE=''
HAVE_GPERF_TRUE='#'
HAVE_INSRCDIR_FALSE='#'
HAVE_INSRCDIR_TRUE=''
HAVE_JING_FALSE=''
HAVE_JING_TRUE='#'
HAVE_JQ_FALSE=''
HAVE_JQ_TRUE='#'
HAVE_LIBPS_FALSE=''
HAVE_LIBPS_TRUE='#'
HAVE_LIBXML2_FALSE='#'
HAVE_LIBXML2_TRUE=''
HAVE_MAKEINFO_FALSE='#'
HAVE_MAKEINFO_TRUE=''
HAVE_MINGW_CROSS_FALSE=''
HAVE_MINGW_CROSS_TRUE='#'
HAVE_MINGW_FALSE=''
HAVE_MINGW_TRUE='#'
HAVE_PARALLEL_FALSE=''
HAVE_PARALLEL_TRUE='#'
HAVE_PATCH_FALSE=''
HAVE_PATCH_TRUE='#'
HAVE_PERL_FALSE='#'
HAVE_PERL_TRUE=''
HAVE_PICAT_FALSE=''
HAVE_PICAT_TRUE='#'
HAVE_PYTHON_FALSE='#'
HAVE_PYTHON_LIBXML2_FALSE=''
HAVE_PYTHON_LIBXML2_TRUE='#'
HAVE_PYTHON_TRUE=''
HAVE_RPMLINT_FALSE=''
HAVE_RPMLINT_TRUE='#'
HAVE_SHELLCHECK_FALSE=''
HAVE_SHELLCHECK_TRUE='#'
HAVE_SHFMT_FALSE=''
HAVE_SHFMT_TRUE='#'
HAVE_SWIG_PERL_FALSE=''
HAVE_SWIG_PERL_TRUE='#'
HAVE_SWIG_PYTHON_FALSE=''
HAVE_SWIG_PYTHON_TRUE='#'
HAVE_TIMEOUT_FALSE='#'
HAVE_TIMEOUT_TRUE=''
HAVE_WINE_FALSE=''
HAVE_WINE_TRUE='#'
INSTALL_DATA='${INSTALL} -m 644'
INSTALL_PROGRAM='${INSTALL}'
INSTALL_SCRIPT='${INSTALL}'
INSTALL_STRIP_PROGRAM='$(install_sh) -c -s'
ISODATE='2025-09-07'
IS_RELEASE_FALSE=''
IS_RELEASE_TRUE='#'
JING=''
JQ=''
JSON_SED_NAN='true'
LD='/usr/bin/ld'
LDFLAGS=''
LIBOBJS=''
LIBREDWG_SO_VERSION='0:13:0'
LIBS='-lm '
LIBTOOL='$(SHELL) $(top_builddir)/libtool'
LIPO=''
LN_S='ln -s'
LTEXEC=''
LTLIBOBJS=''
LT_SYS_LIBRARY_PATH=''
MAKEINFO='${SHELL} '\''/src/build-aux/missing'\'' makeinfo'
MANIFEST_TOOL=':'
MKDIR_P='/usr/bin/mkdir -p'
MOSTLYCLEANFILES += $(valgrind_log_files)
MOSTLYCLEANFILES ?=
NM='/usr/bin/nm -B'
NMEDIT=''
OBJDUMP='objdump'
OBJEXT='o'
OTOOL64=''
OTOOL=''
PACKAGE='libredwg'
PACKAGE_BUGREPORT='libredwg@gnu.org'
PACKAGE_NAME='LibreDWG'
PACKAGE_STRING='LibreDWG 0.12.5.721_77a8'
PACKAGE_TARNAME='libredwg'
PACKAGE_URL='https://savannah.gnu.org/projects/libredwg/'
PACKAGE_VERSION='0.12.5.721_77a8'
PARALLEL=''
PATCH=''
PATH_SEPARATOR=':'
PCRE2_CFLAGS=''
PCRE2_LIBS='-lpcre2-8 -lpcre2-16'
PERL='/usr/bin/perl'
PICAT=''
PKG_CONFIG='/usr/bin/pkg-config'
PKG_CONFIG_LIBDIR=''
PKG_CONFIG_PATH=''
PYTHON='/usr/bin/python'
PYTHON_CPPFLAGS=''
PYTHON_EXEC_PREFIX='${exec_prefix}'
PYTHON_EXTRA_LDFLAGS=''
PYTHON_EXTRA_LIBS=''
PYTHON_LIBS=''
PYTHON_PLATFORM='linux'
PYTHON_PLATFORM_SITE_PKG=''
PYTHON_PREFIX='${prefix}'
PYTHON_SITE_PKG=''
PYTHON_VERSION='3.10'
RANLIB='ranlib'
RPMLINT=''
RUN_JING=':'
SED='/usr/bin/sed'
SET_MAKE=''
SHELL='/bin/bash'
SHELLCHECK=''
SHFMT=''
STRIP='strip'
SWIG=''
SWIG_LIB=''
TARBALL_VERSION_FILE='.tarball-version'
TIMEOUT='timeout'
TIMEOUT_10='timeout 10'
TIMEOUT_30='timeout 30'
USE_WRITE_FALSE='#'
USE_WRITE_TRUE=''
VALGRIND=''
VALGRIND_CHECK_RULES='
VALGRIND_ENABLED='no'
VALGRIND_ENABLED_FALSE=''
VALGRIND_ENABLED_TRUE='#'
VALGRIND_FLAGS ?= --num-callers=30
VALGRIND_LOG_COMPILER = \
VALGRIND_SUPPRESSIONS ?= $(addprefix --suppressions=,$(VALGRIND_SUPPRESSIONS_FILES))
VALGRIND_SUPPRESSIONS=''
VALGRIND_SUPPRESSIONS_FILE=''
VALGRIND_TESTS_ENVIRONMENT = \
VALGRIND_drd_FLAGS ?=
VALGRIND_helgrind_FLAGS ?= --history-level=approx
VALGRIND_memcheck_FLAGS ?= --leak-check=full --show-reachable=no
VALGRIND_sgcheck_FLAGS ?=
VERSION='0.12.5.721_77a8'
WARN_CFLAGS='-fno-strict-aliasing -fno-common -fvisibility=hidden -fno-delete-null-pointer-checks -fno-strict-overflow -Wall -Wextra -Wundef -Wwrite-strings -Wpointer-arith -Wmissing-declarations -Wredundant-decls -Wno-unused-variable -Wno-unused-parameter -Wno-unused-but-set-variable -Wno-missing-field-initializers -Wno-cast-align -Wformat=2 -Wformat-nonliteral -Wformat-security -Wformat-y2k -Wsign-compare -Wstrict-aliasing -Wshadow -Winline -Wpacked -Wmissing-format-attribute -Wmissing-noreturn -Winit-self -Wmissing-include-dirs -Warray-bounds -Wreturn-type -Wswitch-default -Wnull-dereference -Wdouble-promotion -Wchar-subscripts -Wnested-externs -Wmissing-prototypes -Wstrict-prototypes -Wdeclaration-after-statement -Wimplicit-function-declaration -Wold-style-definition -Wno-error=unused-variable -Wno-error=unused-parameter -Wno-error=unused-but-set-variable -Wno-error=missing-field-initializers -Wno-error=cast-align'
WARN_SCANNERFLAGS='              --warn-all                                                             '
WINE=''
XML2_CFLAGS='-I/usr/include/libxml2'
XML2_LIBS='-lxml2'
ac_ct_AR='ar'
ac_ct_CC='afl-clang-lto'
ac_ct_DUMPBIN=''
am__EXEEXT_FALSE=''
am__EXEEXT_TRUE='#'
am__fastdepCC_FALSE='#'
am__fastdepCC_TRUE=''
am__include='include'
am__isrc=''
am__leading_dot='.'
am__nodep='_no'
am__quote=''
am__tar='$${TAR-tar} chof - "$$tardir"'
am__untar='$${TAR-tar} xf -'
bindir='${exec_prefix}/bin'
build='aarch64-unknown-linux-gnu'
build_alias=''
build_cpu='aarch64'
build_os='linux-gnu'
build_vendor='unknown'
check-valgrind-$(1)-local:
check-valgrind-local:
datadir='${datarootdir}'
datarootdir='${prefix}/share'
define valgrind_tool_rule
docdir='${datarootdir}/doc/${PACKAGE_TARNAME}'
dvidir='${docdir}'
else
else
else
else ifeq ($$(VALGRIND_ENABLED),yes)
endef
endif
endif
endif
endif
exec_prefix='${prefix}'
host='aarch64-unknown-linux-gnu'
host_alias=''
host_cpu='aarch64'
host_os='linux-gnu'
host_vendor='unknown'
htmldir='${docdir}'
ifeq ($$(VALGRIND_ENABLED)-$$(ENABLE_VALGRIND_$(1)),yes-yes)
ifeq ($(VALGRIND_ENABLED),yes)
ifneq ($$(TESTS),)
ifneq ($(LIBTOOL),)
includedir='${prefix}/include'
infodir='${datarootdir}/info'
install_sh='${SHELL} /src/build-aux/install-sh'
libdir='${exec_prefix}/lib'
libexecdir='${exec_prefix}/libexec'
localedir='${datarootdir}/locale'
localstatedir='${prefix}/var'
logs_all='logs-all-serial.sh.in'
makeinfo_version=''
mandir='${datarootdir}/man'
mkdir_p='$(MKDIR_P)'
oldincludedir='/usr/include'
pdfdir='${docdir}'
pkgpyexecdir='${pyexecdir}/libredwg'
pkgpythondir='${pythondir}/libredwg'
prefix='/usr/local'
program_transform_name='s,x,x,'
psdir='${docdir}'
pyexecdir='${PYTHON_EXEC_PREFIX}/lib/python3.10/site-packages'
pythondir='${PYTHON_PREFIX}/lib/python3.10/site-packages'
runstatedir='${localstatedir}/run'
sbindir='${exec_prefix}/sbin'
sharedstatedir='${prefix}/com'
sysconfdir='${prefix}/etc'
target_alias=''
valgrind_drd_flags = --tool=drd $(VALGRIND_drd_FLAGS)
valgrind_enabled_tools=''
valgrind_helgrind_flags = --tool=helgrind $(VALGRIND_helgrind_FLAGS)
valgrind_log_files = $(addprefix test-suite-,$(addsuffix .log,$(valgrind_tools)))
valgrind_lt =
valgrind_lt = $(LIBTOOL) $(AM_LIBTOOLFLAGS) $(LIBTOOLFLAGS) --mode=execute
valgrind_memcheck_flags = --tool=memcheck $(VALGRIND_memcheck_FLAGS)
valgrind_quiet = $(valgrind_quiet_$(V))
valgrind_quiet_ = $(valgrind_quiet_$(AM_DEFAULT_VERBOSITY))
valgrind_quiet_0 = --quiet
valgrind_sgcheck_flags = --tool=exp-sgcheck $(VALGRIND_sgcheck_FLAGS)
valgrind_tools='memcheck helgrind drd sgcheck'
valgrind_v_use   = $(valgrind_v_use_$(V))
valgrind_v_use_  = $(valgrind_v_use_$(AM_DEFAULT_VERBOSITY))
valgrind_v_use_0 = @echo "  USE   " $(patsubst check-valgrind-%-local,%,$@):;
with_perl_install=''

## ----------- ##
## confdefs.h. ##
## ----------- ##

/* confdefs.h */
#define PACKAGE_NAME "LibreDWG"
#define PACKAGE_TARNAME "libredwg"
#define PACKAGE_VERSION "0.12.5.721_77a8"
#define PACKAGE_STRING "LibreDWG 0.12.5.721_77a8"
#define PACKAGE_BUGREPORT "libredwg@gnu.org"
#define PACKAGE_URL "https://savannah.gnu.org/projects/libredwg/"
#define HAVE_STDIO_H 1
#define HAVE_STDLIB_H 1
#define HAVE_STRING_H 1
#define HAVE_INTTYPES_H 1
#define HAVE_STDINT_H 1
#define HAVE_STRINGS_H 1
#define HAVE_SYS_STAT_H 1
#define HAVE_SYS_TYPES_H 1
#define HAVE_UNISTD_H 1
#define STDC_HEADERS 1
#define HAVE_DLFCN_H 1
#define LT_OBJDIR ".libs/"
#define restrict __restrict__
#define HAVE_PCRE2_16 1
#define HAVE_STDLIB_H 1
#define HAVE_STRING_H 1
#define HAVE_STDDEF_H 1
#define HAVE_UNISTD_H 1
#define HAVE_MALLOC_H 1
#define HAVE_WCHAR_H 1
#define HAVE_CTYPE_H 1
#define HAVE_WCTYPE_H 1
#define HAVE_FLOAT_H 1
#define HAVE_LIMITS_H 1
#define HAVE_SYS_PARAM_H 1
#define HAVE_LIBGEN_H 1
#define HAVE_GETOPT_H 1
#define HAVE_ALLOCA_H 1
#define HAVE_ENDIAN_H 1
#define HAVE_BYTESWAP_H 1
#define HAVE__BOOL 1
#define AX_STRCASECMP_HEADER <strings.h>
#define HAVE_PCRE2_H 1
#define SIZEOF_SIZE_T 8
#define SIZEOF_WCHAR_T 4
#define _POSIX_C_SOURCE 200809L
#define HAVE_ATTRIBUTE_VISIBILITY_DEFAULT 1
#define HAVE_FUNC_ATTRIBUTE_FORMAT 1
#define HAVE_FUNC_ATTRIBUTE_MALLOC 1
#define HAVE_FUNC_ATTRIBUTE_RETURNS_NONNULL 1
#define HAVE_FUNC_ATTRIBUTE_NORETURN 1
#define HAVE_WFORMAT_Y2K 1
#define HAVE_C99 1
#define HAVE_MALLOC 1
#define HAVE_REALLOC 1
#define LSTAT_FOLLOWS_SLASHED_SYMLINK 1
#define HAVE_ALLOCA_H 1
#define HAVE_ALLOCA 1
#define HAVE_GETOPT_LONG 1
#define HAVE_BASENAME 1
#define HAVE_STRCASESTR 1
#define HAVE_SCANDIR 1
#define HAVE_LIBM 1
#define HAVE_SINCOS 1
#define HAVE_MEMCHR 1
#define HAVE_MEMMOVE 1
#define HAVE_STRCASECMP 1
#define HAVE_STRCHR 1
#define HAVE_STRSTR 1
#define HAVE_STRRCHR 1
#define HAVE_STRTOL 1
#define HAVE_STRTOUL 1
#define HAVE_STRTOULL 1
#define HAVE_STRNLEN 1
#define HAVE_MEMMEM 1
#define HAVE_GMTIME_R 1
#define HAVE_WCSLEN 1
#define HAVE_WCSNLEN 1
#define HAVE_WCSCPY 1
#define HAVE_WCSCMP 1
#define HAVE_WCSSTR 1
#define restrict 
#define USE_WRITE 1
#define HAVE_SETENV 1
#define DISABLE_DXF 1
#define DISABLE_JSON 1
#define DISABLE_BINDINGS 1

configure: exit 0

## ---------------------- ##
## Running config.status. ##
## ---------------------- ##

This file was extended by LibreDWG config.status 0.12.5.721_77a8, which was
generated by GNU Autoconf 2.71.  Invocation command line was

  CONFIG_FILES    = 
  CONFIG_HEADERS  = 
  CONFIG_LINKS    = 
  CONFIG_COMMANDS = 
  $ ./config.status src/config.h

on 27458ad91b7b

config.status:1419: creating src/config.h
config.status:1600: src/config.h is unchanged
